strategy,query_name,execution_time_ms,top_node_type,plan_json
baseline_no_index,q1_point_lookup,0.079,Index Scan,"{""Plan"": {""Node Type"": ""Index Scan"", ""Parallel Aware"": false, ""Async Capable"": false, ""Scan Direction"": ""Forward"", ""Index Name"": ""orders_pkey"", ""Relation Name"": ""orders"", ""Alias"": ""orders"", ""Startup Cost"": 0.42, ""Total Cost"": 8.44, ""Plan Rows"": 1, ""Plan Width"": 55, ""Actual Startup Time"": 0.05, ""Actual Total Time"": 0.051, ""Actual Rows"": 1.0, ""Actual Loops"": 1, ""Disabled"": false, ""Index Cond"": ""(order_id = 250000)"", ""Rows Removed by Index Recheck"": 0, ""Index Searches"": 1, ""Shared Hit Blocks"": 7, ""Shared Read Blocks"": 0, ""Shared Dirtied Blocks"": 0, ""Shared Written Blocks"": 0, ""Local Hit Blocks"": 0, ""Local Read Blocks"": 0, ""Local Dirtied Blocks"": 0, ""Local Written Blocks"": 0, ""Temp Read Blocks"": 0, ""Temp Written Blocks"": 0}, ""Planning"": {""Shared Hit Blocks"": 40, ""Shared Read Blocks"": 0, ""Shared Dirtied Blocks"": 0, ""Shared Written Blocks"": 0, ""Local Hit Blocks"": 0, ""Local Read Blocks"": 0, ""Local Dirtied Blocks"": 0, ""Local Written Blocks"": 0, ""Temp Read Blocks"": 0, ""Temp Written Blocks"": 0}, ""Planning Time"": 0.308, ""Triggers"": [], ""Execution Time"": 0.079}"
baseline_no_index,q2_range_scan,151.499,Aggregate,"{""Plan"": {""Node Type"": ""Aggregate"", ""Strategy"": ""Plain"", ""Partial Mode"": ""Finalize"", ""Parallel Aware"": false, ""Async Capable"": false, ""Startup Cost"": 11501.62, ""Total Cost"": 11501.63, ""Plan Rows"": 1, ""Plan Width"": 8, ""Actual Startup Time"": 114.072, ""Actual Total Time"": 151.425, ""Actual Rows"": 1.0, ""Actual Loops"": 1, ""Disabled"": false, ""Shared Hit Blocks"": 6647, ""Shared Read Blocks"": 0, ""Shared Dirtied Blocks"": 0, ""Shared Written Blocks"": 0, ""Local Hit Blocks"": 0, ""Local Read Blocks"": 0, ""Local Dirtied Blocks"": 0, ""Local Written Blocks"": 0, ""Temp Read Blocks"": 0, ""Temp Written Blocks"": 0, ""Plans"": [{""Node Type"": ""Gather"", ""Parent Relationship"": ""Outer"", ""Parallel Aware"": false, ""Async Capable"": false, ""Startup Cost"": 11501.41, ""Total Cost"": 11501.62, ""Plan Rows"": 2, ""Plan Width"": 8, ""Actual Startup Time"": 113.778, ""Actual Total Time"": 151.418, ""Actual Rows"": 3.0, ""Actual Loops"": 1, ""Disabled"": false, ""Workers Planned"": 2, ""Workers Launched"": 2, ""Single Copy"": false, ""Shared Hit Blocks"": 6647, ""Shared Read Blocks"": 0, ""Shared Dirtied Blocks"": 0, ""Shared Written Blocks"": 0, ""Local Hit Blocks"": 0, ""Local Read Blocks"": 0, ""Local Dirtied Blocks"": 0, ""Local Written Blocks"": 0, ""Temp Read Blocks"": 0, ""Temp Written Blocks"": 0, ""Plans"": [{""Node Type"": ""Aggregate"", ""Strategy"": ""Plain"", ""Partial Mode"": ""Partial"", ""Parent Relationship"": ""Outer"", ""Parallel Aware"": false, ""Async Capable"": false, ""Startup Cost"": 10501.41, ""Total Cost"": 10501.42, ""Plan Rows"": 1, ""Plan Width"": 8, ""Actual Startup Time"": 58.121, ""Actual Total Time"": 58.121, ""Actual Rows"": 1.0, ""Actual Loops"": 3, ""Disabled"": false, ""Shared Hit Blocks"": 6647, ""Shared Read Blocks"": 0, ""Shared Dirtied Blocks"": 0, ""Shared Written Blocks"": 0, ""Local Hit Blocks"": 0, ""Local Read Blocks"": 0, ""Local Dirtied Blocks"": 0, ""Local Written Blocks"": 0, ""Temp Read Blocks"": 0, ""Temp Written Blocks"": 0, ""Workers"": [], ""Plans"": [{""Node Type"": ""Seq Scan"", ""Parent Relationship"": ""Outer"", ""Parallel Aware"": true, ""Async Capable"": false, ""Relation Name"": ""orders"", ""Alias"": ""orders"", ""Startup Cost"": 0.0, ""Total Cost"": 10397.0, ""Plan Rows"": 41763, ""Plan Width"": 0, ""Actual Startup Time"": 0.034, ""Actual Total Time"": 52.831, ""Actual Rows"": 33526.33, ""Actual Loops"": 3, ""Disabled"": false, ""Filter"": ""((order_date >= '2023-01-01'::date) AND (order_date <= '2023-12-31'::date))"", ""Rows Removed by Filter"": 166474, ""Shared Hit Blocks"": 6647, ""Shared Read Blocks"": 0, ""Shared Dirtied Blocks"": 0, ""Shared Written Blocks"": 0, ""Local Hit Blocks"": 0, ""Local Read Blocks"": 0, ""Local Dirtied Blocks"": 0, ""Local Written Blocks"": 0, ""Temp Read Blocks"": 0, ""Temp Written Blocks"": 0, ""Workers"": []}]}]}]}, ""Planning"": {""Shared Hit Blocks"": 12, ""Shared Read Blocks"": 0, ""Shared Dirtied Blocks"": 0, ""Shared Written Blocks"": 0, ""Local Hit Blocks"": 0, ""Local Read Blocks"": 0, ""Local Dirtied Blocks"": 0, ""Local Written Blocks"": 0, ""Temp Read Blocks"": 0, ""Temp Written Blocks"": 0}, ""Planning Time"": 0.554, ""Triggers"": [], ""Execution Time"": 151.499}"
baseline_no_index,q3_multi_condition,107.23,Gather,"{""Plan"": {""Node Type"": ""Gather"", ""Parallel Aware"": false, ""Async Capable"": false, ""Startup Cost"": 1000.0, ""Total Cost"": 11397.2, ""Plan Rows"": 2, ""Plan Width"": 55, ""Actual Startup Time"": 85.864, ""Actual Total Time"": 107.189, ""Actual Rows"": 2.0, ""Actual Loops"": 1, ""Disabled"": false, ""Workers Planned"": 2, ""Workers Launched"": 2, ""Single Copy"": false, ""Shared Hit Blocks"": 6647, ""Shared Read Blocks"": 0, ""Shared Dirtied Blocks"": 0, ""Shared Written Blocks"": 0, ""Local Hit Blocks"": 0, ""Local Read Blocks"": 0, ""Local Dirtied Blocks"": 0, ""Local Written Blocks"": 0, ""Temp Read Blocks"": 0, ""Temp Written Blocks"": 0, ""Plans"": [{""Node Type"": ""Seq Scan"", ""Parent Relationship"": ""Outer"", ""Parallel Aware"": true, ""Async Capable"": false, ""Relation Name"": ""orders"", ""Alias"": ""orders"", ""Startup Cost"": 0.0, ""Total Cost"": 10397.0, ""Plan Rows"": 1, ""Plan Width"": 55, ""Actual Startup Time"": 41.92, ""Actual Total Time"": 45.34, ""Actual Rows"": 0.67, ""Actual Loops"": 3, ""Disabled"": false, ""Filter"": ""((order_date >= '2024-01-01'::date) AND (customer_id = 900))"", ""Rows Removed by Filter"": 199999, ""Shared Hit Blocks"": 6647, ""Shared Read Blocks"": 0, ""Shared Dirtied Blocks"": 0, ""Shared Written Blocks"": 0, ""Local Hit Blocks"": 0, ""Local Read Blocks"": 0, ""Local Dirtied Blocks"": 0, ""Local Written Blocks"": 0, ""Temp Read Blocks"": 0, ""Temp Written Blocks"": 0, ""Workers"": []}]}, ""Planning"": {""Shared Hit Blocks"": 0, ""Shared Read Blocks"": 0, ""Shared Dirtied Blocks"": 0, ""Shared Written Blocks"": 0, ""Local Hit Blocks"": 0, ""Local Read Blocks"": 0, ""Local Dirtied Blocks"": 0, ""Local Written Blocks"": 0, ""Temp Read Blocks"": 0, ""Temp Written Blocks"": 0}, ""Planning Time"": 0.219, ""Triggers"": [], ""Execution Time"": 107.23}"
baseline_no_index,q4_partial_candidate,106.574,Gather,"{""Plan"": {""Node Type"": ""Gather"", ""Parallel Aware"": false, ""Async Capable"": false, ""Startup Cost"": 1000.0, ""Total Cost"": 14718.1, ""Plan Rows"": 33211, ""Plan Width"": 20, ""Actual Startup Time"": 0.269, ""Actual Total Time"": 104.59, ""Actual Rows"": 33341.0, ""Actual Loops"": 1, ""Disabled"": false, ""Workers Planned"": 2, ""Workers Launched"": 2, ""Single Copy"": false, ""Shared Hit Blocks"": 6647, ""Shared Read Blocks"": 0, ""Shared Dirtied Blocks"": 0, ""Shared Written Blocks"": 0, ""Local Hit Blocks"": 0, ""Local Read Blocks"": 0, ""Local Dirtied Blocks"": 0, ""Local Written Blocks"": 0, ""Temp Read Blocks"": 0, ""Temp Written Blocks"": 0, ""Plans"": [{""Node Type"": ""Seq Scan"", ""Parent Relationship"": ""Outer"", ""Parallel Aware"": true, ""Async Capable"": false, ""Relation Name"": ""orders"", ""Alias"": ""orders"", ""Startup Cost"": 0.0, ""Total Cost"": 10397.0, ""Plan Rows"": 13838, ""Plan Width"": 20, ""Actual Startup Time"": 0.028, ""Actual Total Time"": 48.236, ""Actual Rows"": 11113.67, ""Actual Loops"": 3, ""Disabled"": false, ""Filter"": ""((order_date >= '2024-01-01'::date) AND (status = 'pending'::text))"", ""Rows Removed by Filter"": 188886, ""Shared Hit Blocks"": 6647, ""Shared Read Blocks"": 0, ""Shared Dirtied Blocks"": 0, ""Shared Written Blocks"": 0, ""Local Hit Blocks"": 0, ""Local Read Blocks"": 0, ""Local Dirtied Blocks"": 0, ""Local Written Blocks"": 0, ""Temp Read Blocks"": 0, ""Temp Written Blocks"": 0, ""Workers"": []}]}, ""Planning"": {""Shared Hit Blocks"": 8, ""Shared Read Blocks"": 0, ""Shared Dirtied Blocks"": 0, ""Shared Written Blocks"": 0, ""Local Hit Blocks"": 0, ""Local Read Blocks"": 0, ""Local Dirtied Blocks"": 0, ""Local Written Blocks"": 0, ""Temp Read Blocks"": 0, ""Temp Written Blocks"": 0}, ""Planning Time"": 0.088, ""Triggers"": [], ""Execution Time"": 106.574}"
baseline_no_index,q5_aggregation_covering_candidate,154.394,Aggregate,"{""Plan"": {""Node Type"": ""Aggregate"", ""Strategy"": ""Hashed"", ""Partial Mode"": ""Simple"", ""Parallel Aware"": false, ""Async Capable"": false, ""Startup Cost"": 13797.93, ""Total Cost"": 14053.98, ""Plan Rows"": 20484, ""Plan Width"": 40, ""Actual Startup Time"": 134.617, ""Actual Total Time"": 153.004, ""Actual Rows"": 3992.0, ""Actual Loops"": 1, ""Disabled"": false, ""Group Key"": [""customer_id""], ""Planned Partitions"": 0, ""HashAgg Batches"": 1, ""Peak Memory Usage"": 2065, ""Disk Usage"": 0, ""Shared Hit Blocks"": 6647, ""Shared Read Blocks"": 0, ""Shared Dirtied Blocks"": 0, ""Shared Written Blocks"": 0, ""Local Hit Blocks"": 0, ""Local Read Blocks"": 0, ""Local Dirtied Blocks"": 0, ""Local Written Blocks"": 0, ""Temp Read Blocks"": 0, ""Temp Written Blocks"": 0, ""Plans"": [{""Node Type"": ""Gather"", ""Parent Relationship"": ""Outer"", ""Parallel Aware"": false, ""Async Capable"": false, ""Startup Cost"": 1000.0, ""Total Cost"": 13683.6, ""Plan Rows"": 22866, ""Plan Width"": 14, ""Actual Startup Time"": 0.381, ""Actual Total Time"": 125.259, ""Actual Rows"": 24071.0, ""Actual Loops"": 1, ""Disabled"": false, ""Workers Planned"": 2, ""Workers Launched"": 2, ""Single Copy"": false, ""Shared Hit Blocks"": 6647, ""Shared Read Blocks"": 0, ""Shared Dirtied Blocks"": 0, ""Shared Written Blocks"": 0, ""Local Hit Blocks"": 0, ""Local Read Blocks"": 0, ""Local Dirtied Blocks"": 0, ""Local Written Blocks"": 0, ""Temp Read Blocks"": 0, ""Temp Written Blocks"": 0, ""Plans"": [{""Node Type"": ""Seq Scan"", ""Parent Relationship"": ""Outer"", ""Parallel Aware"": true, ""Async Capable"": false, ""Relation Name"": ""orders"", ""Alias"": ""orders"", ""Startup Cost"": 0.0, ""Total Cost"": 10397.0, ""Plan Rows"": 9528, ""Plan Width"": 14, ""Actual Startup Time"": 0.027, ""Actual Total Time"": 67.718, ""Actual Rows"": 8023.67, ""Actual Loops"": 3, ""Disabled"": false, ""Filter"": ""((customer_id >= 1000) AND (customer_id <= 5000))"", ""Rows Removed by Filter"": 191976, ""Shared Hit Blocks"": 6647, ""Shared Read Blocks"": 0, ""Shared Dirtied Blocks"": 0, ""Shared Written Blocks"": 0, ""Local Hit Blocks"": 0, ""Local Read Blocks"": 0, ""Local Dirtied Blocks"": 0, ""Local Written Blocks"": 0, ""Temp Read Blocks"": 0, ""Temp Written Blocks"": 0, ""Workers"": []}]}]}, ""Planning"": {""Shared Hit Blocks"": 39, ""Shared Read Blocks"": 0, ""Shared Dirtied Blocks"": 0, ""Shared Written Blocks"": 0, ""Local Hit Blocks"": 0, ""Local Read Blocks"": 0, ""Local Dirtied Blocks"": 0, ""Local Written Blocks"": 0, ""Temp Read Blocks"": 0, ""Temp Written Blocks"": 0}, ""Planning Time"": 0.264, ""Triggers"": [], ""Execution Time"": 154.394}"
baseline_no_index,q6_group_by_status,173.665,Aggregate,"{""Plan"": {""Node Type"": ""Aggregate"", ""Strategy"": ""Sorted"", ""Partial Mode"": ""Finalize"", ""Parallel Aware"": false, ""Async Capable"": false, ""Startup Cost"": 11397.1, ""Total Cost"": 11398.36, ""Plan Rows"": 4, ""Plan Width"": 16, ""Actual Startup Time"": 148.038, ""Actual Total Time"": 173.611, ""Actual Rows"": 4.0, ""Actual Loops"": 1, ""Disabled"": false, ""Group Key"": [""status""], ""Shared Hit Blocks"": 6663, ""Shared Read Blocks"": 0, ""Shared Dirtied Blocks"": 0, ""Shared Written Blocks"": 0, ""Local Hit Blocks"": 0, ""Local Read Blocks"": 0, ""Local Dirtied Blocks"": 0, ""Local Written Blocks"": 0, ""Temp Read Blocks"": 0, ""Temp Written Blocks"": 0, ""Plans"": [{""Node Type"": ""Gather Merge"", ""Parent Relationship"": ""Outer"", ""Parallel Aware"": false, ""Async Capable"": false, ""Startup Cost"": 11397.1, ""Total Cost"": 11398.27, ""Plan Rows"": 10, ""Plan Width"": 16, ""Actual Startup Time"": 148.028, ""Actual Total Time"": 173.602, ""Actual Rows"": 12.0, ""Actual Loops"": 1, ""Disabled"": false, ""Workers Planned"": 2, ""Workers Launched"": 2, ""Shared Hit Blocks"": 6663, ""Shared Read Blocks"": 0, ""Shared Dirtied Blocks"": 0, ""Shared Written Blocks"": 0, ""Local Hit Blocks"": 0, ""Local Read Blocks"": 0, ""Local Dirtied Blocks"": 0, ""Local Written Blocks"": 0, ""Temp Read Blocks"": 0, ""Temp Written Blocks"": 0, ""Plans"": [{""Node Type"": ""Sort"", ""Parent Relationship"": ""Outer"", ""Parallel Aware"": false, ""Async Capable"": false, ""Startup Cost"": 10397.08, ""Total Cost"": 10397.09, ""Plan Rows"": 4, ""Plan Width"": 16, ""Actual Startup Time"": 109.449, ""Actual Total Time"": 109.45, ""Actual Rows"": 4.0, ""Actual Loops"": 3, ""Disabled"": false, ""Sort Key"": [""status""], ""Sort Method"": ""quicksort"", ""Sort Space Used"": 25, ""Sort Space Type"": ""Memory"", ""Shared Hit Blocks"": 6663, ""Shared Read Blocks"": 0, ""Shared Dirtied Blocks"": 0, ""Shared Written Blocks"": 0, ""Local Hit Blocks"": 0, ""Local Read Blocks"": 0, ""Local Dirtied Blocks"": 0, ""Local Written Blocks"": 0, ""Temp Read Blocks"": 0, ""Temp Written Blocks"": 0, ""Workers"": [{""Worker Number"": 0, ""Sort Method"": ""quicksort"", ""Sort Space Used"": 25, ""Sort Space Type"": ""Memory""}, {""Worker Number"": 1, ""Sort Method"": ""quicksort"", ""Sort Space Used"": 25, ""Sort Space Type"": ""Memory""}], ""Plans"": [{""Node Type"": ""Aggregate"", ""Strategy"": ""Hashed"", ""Partial Mode"": ""Partial"", ""Parent Relationship"": ""Outer"", ""Parallel Aware"": false, ""Async Capable"": false, ""Startup Cost"": 10397.0, ""Total Cost"": 10397.04, ""Plan Rows"": 4, ""Plan Width"": 16, ""Actual Startup Time"": 109.401, ""Actual Total Time"": 109.402, ""Actual Rows"": 4.0, ""Actual Loops"": 3, ""Disabled"": false, ""Group Key"": [""status""], ""Planned Partitions"": 0, ""HashAgg Batches"": 1, ""Peak Memory Usage"": 32, ""Disk Usage"": 0, ""Shared Hit Blocks"": 6647, ""Shared Read Blocks"": 0, ""Shared Dirtied Blocks"": 0, ""Shared Written Blocks"": 0, ""Local Hit Blocks"": 0, ""Local Read Blocks"": 0, ""Local Dirtied Blocks"": 0, ""Local Written Blocks"": 0, ""Temp Read Blocks"": 0, ""Temp Written Blocks"": 0, ""Workers"": [{""Worker Number"": 0, ""HashAgg Batches"": 1, ""Peak Memory Usage"": 32, ""Disk Usage"": 0}, {""Worker Number"": 1, ""HashAgg Batches"": 1, ""Peak Memory Usage"": 32, ""Disk Usage"": 0}], ""Plans"": [{""Node Type"": ""Seq Scan"", ""Parent Relationship"": ""Outer"", ""Parallel Aware"": true, ""Async Capable"": false, ""Relation Name"": ""orders"", ""Alias"": ""orders"", ""Startup Cost"": 0.0, ""Total Cost"": 9147.0, ""Plan Rows"": 250000, ""Plan Width"": 8, ""Actual Startup Time"": 0.013, ""Actual Total Time"": 21.521, ""Actual Rows"": 200000.0, ""Actual Loops"": 3, ""Disabled"": false, ""Shared Hit Blocks"": 6647, ""Shared Read Blocks"": 0, ""Shared Dirtied Blocks"": 0, ""Shared Written Blocks"": 0, ""Local Hit Blocks"": 0, ""Local Read Blocks"": 0, ""Local Dirtied Blocks"": 0, ""Local Written Blocks"": 0, ""Temp Read Blocks"": 0, ""Temp Written Blocks"": 0, ""Workers"": []}]}]}]}]}, ""Planning"": {""Shared Hit Blocks"": 2, ""Shared Read Blocks"": 0, ""Shared Dirtied Blocks"": 0, ""Shared Written Blocks"": 0, ""Local Hit Blocks"": 0, ""Local Read Blocks"": 0, ""Local Dirtied Blocks"": 0, ""Local Written Blocks"": 0, ""Temp Read Blocks"": 0, ""Temp Written Blocks"": 0}, ""Planning Time"": 0.129, ""Triggers"": [], ""Execution Time"": 173.665}"
single_column,q1_point_lookup,0.019,Index Scan,"{""Plan"": {""Node Type"": ""Index Scan"", ""Parallel Aware"": false, ""Async Capable"": false, ""Scan Direction"": ""Forward"", ""Index Name"": ""orders_pkey"", ""Relation Name"": ""orders"", ""Alias"": ""orders"", ""Startup Cost"": 0.42, ""Total Cost"": 8.44, ""Plan Rows"": 1, ""Plan Width"": 55, ""Actual Startup Time"": 0.008, ""Actual Total Time"": 0.008, ""Actual Rows"": 1.0, ""Actual Loops"": 1, ""Disabled"": false, ""Index Cond"": ""(order_id = 250000)"", ""Rows Removed by Index Recheck"": 0, ""Index Searches"": 1, ""Shared Hit Blocks"": 4, ""Shared Read Blocks"": 0, ""Shared Dirtied Blocks"": 0, ""Shared Written Blocks"": 0, ""Local Hit Blocks"": 0, ""Local Read Blocks"": 0, ""Local Dirtied Blocks"": 0, ""Local Written Blocks"": 0, ""Temp Read Blocks"": 0, ""Temp Written Blocks"": 0}, ""Planning"": {""Shared Hit Blocks"": 26, ""Shared Read Blocks"": 1, ""Shared Dirtied Blocks"": 0, ""Shared Written Blocks"": 0, ""Local Hit Blocks"": 0, ""Local Read Blocks"": 0, ""Local Dirtied Blocks"": 0, ""Local Written Blocks"": 0, ""Temp Read Blocks"": 0, ""Temp Written Blocks"": 0}, ""Planning Time"": 0.234, ""Triggers"": [], ""Execution Time"": 0.019}"
single_column,q2_range_scan,14.361,Aggregate,"{""Plan"": {""Node Type"": ""Aggregate"", ""Strategy"": ""Plain"", ""Partial Mode"": ""Simple"", ""Parallel Aware"": false, ""Async Capable"": false, ""Startup Cost"": 2610.83, ""Total Cost"": 2610.84, ""Plan Rows"": 1, ""Plan Width"": 8, ""Actual Startup Time"": 14.341, ""Actual Total Time"": 14.342, ""Actual Rows"": 1.0, ""Actual Loops"": 1, ""Disabled"": false, ""Shared Hit Blocks"": 1, ""Shared Read Blocks"": 92, ""Shared Dirtied Blocks"": 0, ""Shared Written Blocks"": 0, ""Local Hit Blocks"": 0, ""Local Read Blocks"": 0, ""Local Dirtied Blocks"": 0, ""Local Written Blocks"": 0, ""Temp Read Blocks"": 0, ""Temp Written Blocks"": 0, ""Plans"": [{""Node Type"": ""Index Only Scan"", ""Parent Relationship"": ""Outer"", ""Parallel Aware"": false, ""Async Capable"": false, ""Scan Direction"": ""Forward"", ""Index Name"": ""idx_orders_order_date"", ""Relation Name"": ""orders"", ""Alias"": ""orders"", ""Startup Cost"": 0.42, ""Total Cost"": 2361.23, ""Plan Rows"": 99840, ""Plan Width"": 0, ""Actual Startup Time"": 0.091, ""Actual Total Time"": 8.458, ""Actual Rows"": 100579.0, ""Actual Loops"": 1, ""Disabled"": false, ""Index Cond"": ""((order_date >= '2023-01-01'::date) AND (order_date <= '2023-12-31'::date))"", ""Rows Removed by Index Recheck"": 0, ""Heap Fetches"": 0, ""Index Searches"": 1, ""Shared Hit Blocks"": 1, ""Shared Read Blocks"": 92, ""Shared Dirtied Blocks"": 0, ""Shared Written Blocks"": 0, ""Local Hit Blocks"": 0, ""Local Read Blocks"": 0, ""Local Dirtied Blocks"": 0, ""Local Written Blocks"": 0, ""Temp Read Blocks"": 0, ""Temp Written Blocks"": 0}]}, ""Planning"": {""Shared Hit Blocks"": 0, ""Shared Read Blocks"": 0, ""Shared Dirtied Blocks"": 0, ""Shared Written Blocks"": 0, ""Local Hit Blocks"": 0, ""Local Read Blocks"": 0, ""Local Dirtied Blocks"": 0, ""Local Written Blocks"": 0, ""Temp Read Blocks"": 0, ""Temp Written Blocks"": 0}, ""Planning Time"": 0.066, ""Triggers"": [], ""Execution Time"": 14.361}"
single_column,q3_multi_condition,111.141,Gather,"{""Plan"": {""Node Type"": ""Gather"", ""Parallel Aware"": false, ""Async Capable"": false, ""Startup Cost"": 3241.5, ""Total Cost"": 11149.59, ""Plan Rows"": 2, ""Plan Width"": 55, ""Actual Startup Time"": 82.124, ""Actual Total Time"": 111.093, ""Actual Rows"": 2.0, ""Actual Loops"": 1, ""Disabled"": false, ""Workers Planned"": 2, ""Workers Launched"": 2, ""Single Copy"": false, ""Shared Hit Blocks"": 6690, ""Shared Read Blocks"": 178, ""Shared Dirtied Blocks"": 0, ""Shared Written Blocks"": 0, ""Local Hit Blocks"": 0, ""Local Read Blocks"": 0, ""Local Dirtied Blocks"": 0, ""Local Written Blocks"": 0, ""Temp Read Blocks"": 0, ""Temp Written Blocks"": 0, ""Plans"": [{""Node Type"": ""Bitmap Heap Scan"", ""Parent Relationship"": ""Outer"", ""Parallel Aware"": true, ""Async Capable"": false, ""Relation Name"": ""orders"", ""Alias"": ""orders"", ""Startup Cost"": 2241.5, ""Total Cost"": 10149.39, ""Plan Rows"": 1, ""Plan Width"": 55, ""Actual Startup Time"": 35.688, ""Actual Total Time"": 40.522, ""Actual Rows"": 0.67, ""Actual Loops"": 3, ""Disabled"": false, ""Recheck Cond"": ""(order_date >= '2024-01-01'::date)"", ""Rows Removed by Index Recheck"": 0, ""Filter"": ""(customer_id = 900)"", ""Rows Removed by Filter"": 66481, ""Exact Heap Blocks"": 6055, ""Lossy Heap Blocks"": 0, ""Shared Hit Blocks"": 6690, ""Shared Read Blocks"": 178, ""Shared Dirtied Blocks"": 0, ""Shared Written Blocks"": 0, ""Local Hit Blocks"": 0, ""Local Read Blocks"": 0, ""Local Dirtied Blocks"": 0, ""Local Written Blocks"": 0, ""Temp Read Blocks"": 0, ""Temp Written Blocks"": 0, ""Workers"": [{""Worker Number"": 1, ""Exact Heap Blocks"": 592, ""Lossy Heap Blocks"": 0}], ""Plans"": [{""Node Type"": ""Bitmap Index Scan"", ""Parent Relationship"": ""Outer"", ""Parallel Aware"": false, ""Async Capable"": false, ""Index Name"": ""idx_orders_order_date"", ""Startup Cost"": 0.0, ""Total Cost"": 2241.5, ""Plan Rows"": 201743, ""Plan Width"": 0, ""Actual Startup Time"": 18.635, ""Actual Total Time"": 18.636, ""Actual Rows"": 199444.0, ""Actual Loops"": 1, ""Disabled"": false, ""Index Cond"": ""(order_date >= '2024-01-01'::date)"", ""Index Searches"": 1, ""Shared Hit Blocks"": 3, ""Shared Read Blocks"": 178, ""Shared Dirtied Blocks"": 0, ""Shared Written Blocks"": 0, ""Local Hit Blocks"": 0, ""Local Read Blocks"": 0, ""Local Dirtied Blocks"": 0, ""Local Written Blocks"": 0, ""Temp Read Blocks"": 0, ""Temp Written Blocks"": 0, ""Workers"": []}]}]}, ""Planning"": {""Shared Hit Blocks"": 0, ""Shared Read Blocks"": 0, ""Shared Dirtied Blocks"": 0, ""Shared Written Blocks"": 0, ""Local Hit Blocks"": 0, ""Local Read Blocks"": 0, ""Local Dirtied Blocks"": 0, ""Local Written Blocks"": 0, ""Temp Read Blocks"": 0, ""Temp Written Blocks"": 0}, ""Planning Time"": 0.322, ""Triggers"": [], ""Execution Time"": 111.141}"
single_column,q4_partial_candidate,82.797,Bitmap Heap Scan,"{""Plan"": {""Node Type"": ""Bitmap Heap Scan"", ""Parallel Aware"": false, ""Async Capable"": false, ""Relation Name"": ""orders"", ""Alias"": ""orders"", ""Startup Cost"": 2249.83, ""Total Cost"": 11922.98, ""Plan Rows"": 33341, ""Plan Width"": 20, ""Actual Startup Time"": 10.793, ""Actual Total Time"": 80.974, ""Actual Rows"": 33341.0, ""Actual Loops"": 1, ""Disabled"": false, ""Recheck Cond"": ""(order_date >= '2024-01-01'::date)"", ""Rows Removed by Index Recheck"": 0, ""Filter"": ""(status = 'pending'::text)"", ""Rows Removed by Filter"": 166103, ""Exact Heap Blocks"": 6647, ""Lossy Heap Blocks"": 0, ""Shared Hit Blocks"": 6828, ""Shared Read Blocks"": 0, ""Shared Dirtied Blocks"": 0, ""Shared Written Blocks"": 0, ""Local Hit Blocks"": 0, ""Local Read Blocks"": 0, ""Local Dirtied Blocks"": 0, ""Local Written Blocks"": 0, ""Temp Read Blocks"": 0, ""Temp Written Blocks"": 0, ""Plans"": [{""Node Type"": ""Bitmap Index Scan"", ""Parent Relationship"": ""Outer"", ""Parallel Aware"": false, ""Async Capable"": false, ""Index Name"": ""idx_orders_order_date"", ""Startup Cost"": 0.0, ""Total Cost"": 2241.5, ""Plan Rows"": 201743, ""Plan Width"": 0, ""Actual Startup Time"": 9.716, ""Actual Total Time"": 9.716, ""Actual Rows"": 199444.0, ""Actual Loops"": 1, ""Disabled"": false, ""Index Cond"": ""(order_date >= '2024-01-01'::date)"", ""Index Searches"": 1, ""Shared Hit Blocks"": 181, ""Shared Read Blocks"": 0, ""Shared Dirtied Blocks"": 0, ""Shared Written Blocks"": 0, ""Local Hit Blocks"": 0, ""Local Read Blocks"": 0, ""Local Dirtied Blocks"": 0, ""Local Written Blocks"": 0, ""Temp Read Blocks"": 0, ""Temp Written Blocks"": 0}]}, ""Planning"": {""Shared Hit Blocks"": 0, ""Shared Read Blocks"": 0, ""Shared Dirtied Blocks"": 0, ""Shared Written Blocks"": 0, ""Local Hit Blocks"": 0, ""Local Read Blocks"": 0, ""Local Dirtied Blocks"": 0, ""Local Written Blocks"": 0, ""Temp Read Blocks"": 0, ""Temp Written Blocks"": 0}, ""Planning Time"": 0.086, ""Triggers"": [], ""Execution Time"": 82.797}"
single_column,q5_aggregation_covering_candidate,117.054,Aggregate,"{""Plan"": {""Node Type"": ""Aggregate"", ""Strategy"": ""Hashed"", ""Partial Mode"": ""Simple"", ""Parallel Aware"": false, ""Async Capable"": false, ""Startup Cost"": 13915.11, ""Total Cost"": 14182.49, ""Plan Rows"": 21390, ""Plan Width"": 40, ""Actual Startup Time"": 99.289, ""Actual Total Time"": 115.998, ""Actual Rows"": 3992.0, ""Actual Loops"": 1, ""Disabled"": false, ""Group Key"": [""customer_id""], ""Planned Partitions"": 0, ""HashAgg Batches"": 1, ""Peak Memory Usage"": 2065, ""Disk Usage"": 0, ""Shared Hit Blocks"": 6647, ""Shared Read Blocks"": 0, ""Shared Dirtied Blocks"": 0, ""Shared Written Blocks"": 0, ""Local Hit Blocks"": 0, ""Local Read Blocks"": 0, ""Local Dirtied Blocks"": 0, ""Local Written Blocks"": 0, ""Temp Read Blocks"": 0, ""Temp Written Blocks"": 0, ""Plans"": [{""Node Type"": ""Gather"", ""Parent Relationship"": ""Outer"", ""Parallel Aware"": false, ""Async Capable"": false, ""Startup Cost"": 1000.0, ""Total Cost"": 13795.2, ""Plan Rows"": 23982, ""Plan Width"": 14, ""Actual Startup Time"": 0.497, ""Actual Total Time"": 91.703, ""Actual Rows"": 24071.0, ""Actual Loops"": 1, ""Disabled"": false, ""Workers Planned"": 2, ""Workers Launched"": 2, ""Single Copy"": false, ""Shared Hit Blocks"": 6647, ""Shared Read Blocks"": 0, ""Shared Dirtied Blocks"": 0, ""Shared Written Blocks"": 0, ""Local Hit Blocks"": 0, ""Local Read Blocks"": 0, ""Local Dirtied Blocks"": 0, ""Local Written Blocks"": 0, ""Temp Read Blocks"": 0, ""Temp Written Blocks"": 0, ""Plans"": [{""Node Type"": ""Seq Scan"", ""Parent Relationship"": ""Outer"", ""Parallel Aware"": true, ""Async Capable"": false, ""Relation Name"": ""orders"", ""Alias"": ""orders"", ""Startup Cost"": 0.0, ""Total Cost"": 10397.0, ""Plan Rows"": 9992, ""Plan Width"": 14, ""Actual Startup Time"": 0.028, ""Actual Total Time"": 49.671, ""Actual Rows"": 8023.67, ""Actual Loops"": 3, ""Disabled"": false, ""Filter"": ""((customer_id >= 1000) AND (customer_id <= 5000))"", ""Rows Removed by Filter"": 191976, ""Shared Hit Blocks"": 6647, ""Shared Read Blocks"": 0, ""Shared Dirtied Blocks"": 0, ""Shared Written Blocks"": 0, ""Local Hit Blocks"": 0, ""Local Read Blocks"": 0, ""Local Dirtied Blocks"": 0, ""Local Written Blocks"": 0, ""Temp Read Blocks"": 0, ""Temp Written Blocks"": 0, ""Workers"": []}]}]}, ""Planning"": {""Shared Hit Blocks"": 11, ""Shared Read Blocks"": 0, ""Shared Dirtied Blocks"": 0, ""Shared Written Blocks"": 0, ""Local Hit Blocks"": 0, ""Local Read Blocks"": 0, ""Local Dirtied Blocks"": 0, ""Local Written Blocks"": 0, ""Temp Read Blocks"": 0, ""Temp Written Blocks"": 0}, ""Planning Time"": 0.188, ""Triggers"": [], ""Execution Time"": 117.054}"
single_column,q6_group_by_status,194.304,Aggregate,"{""Plan"": {""Node Type"": ""Aggregate"", ""Strategy"": ""Sorted"", ""Partial Mode"": ""Finalize"", ""Parallel Aware"": false, ""Async Capable"": false, ""Startup Cost"": 11397.1, ""Total Cost"": 11398.36, ""Plan Rows"": 4, ""Plan Width"": 16, ""Actual Startup Time"": 158.68, ""Actual Total Time"": 194.257, ""Actual Rows"": 4.0, ""Actual Loops"": 1, ""Disabled"": false, ""Group Key"": [""status""], ""Shared Hit Blocks"": 6663, ""Shared Read Blocks"": 0, ""Shared Dirtied Blocks"": 0, ""Shared Written Blocks"": 0, ""Local Hit Blocks"": 0, ""Local Read Blocks"": 0, ""Local Dirtied Blocks"": 0, ""Local Written Blocks"": 0, ""Temp Read Blocks"": 0, ""Temp Written Blocks"": 0, ""Plans"": [{""Node Type"": ""Gather Merge"", ""Parent Relationship"": ""Outer"", ""Parallel Aware"": false, ""Async Capable"": false, ""Startup Cost"": 11397.1, ""Total Cost"": 11398.27, ""Plan Rows"": 10, ""Plan Width"": 16, ""Actual Startup Time"": 158.67, ""Actual Total Time"": 194.247, ""Actual Rows"": 12.0, ""Actual Loops"": 1, ""Disabled"": false, ""Workers Planned"": 2, ""Workers Launched"": 2, ""Shared Hit Blocks"": 6663, ""Shared Read Blocks"": 0, ""Shared Dirtied Blocks"": 0, ""Shared Written Blocks"": 0, ""Local Hit Blocks"": 0, ""Local Read Blocks"": 0, ""Local Dirtied Blocks"": 0, ""Local Written Blocks"": 0, ""Temp Read Blocks"": 0, ""Temp Written Blocks"": 0, ""Plans"": [{""Node Type"": ""Sort"", ""Parent Relationship"": ""Outer"", ""Parallel Aware"": false, ""Async Capable"": false, ""Startup Cost"": 10397.08, ""Total Cost"": 10397.09, ""Plan Rows"": 4, ""Plan Width"": 16, ""Actual Startup Time"": 93.746, ""Actual Total Time"": 93.747, ""Actual Rows"": 4.0, ""Actual Loops"": 3, ""Disabled"": false, ""Sort Key"": [""status""], ""Sort Method"": ""quicksort"", ""Sort Space Used"": 25, ""Sort Space Type"": ""Memory"", ""Shared Hit Blocks"": 6663, ""Shared Read Blocks"": 0, ""Shared Dirtied Blocks"": 0, ""Shared Written Blocks"": 0, ""Local Hit Blocks"": 0, ""Local Read Blocks"": 0, ""Local Dirtied Blocks"": 0, ""Local Written Blocks"": 0, ""Temp Read Blocks"": 0, ""Temp Written Blocks"": 0, ""Workers"": [{""Worker Number"": 0, ""Sort Method"": ""quicksort"", ""Sort Space Used"": 25, ""Sort Space Type"": ""Memory""}, {""Worker Number"": 1, ""Sort Method"": ""quicksort"", ""Sort Space Used"": 25, ""Sort Space Type"": ""Memory""}], ""Plans"": [{""Node Type"": ""Aggregate"", ""Strategy"": ""Hashed"", ""Partial Mode"": ""Partial"", ""Parent Relationship"": ""Outer"", ""Parallel Aware"": false, ""Async Capable"": false, ""Startup Cost"": 10397.0, ""Total Cost"": 10397.04, ""Plan Rows"": 4, ""Plan Width"": 16, ""Actual Startup Time"": 93.701, ""Actual Total Time"": 93.703, ""Actual Rows"": 4.0, ""Actual Loops"": 3, ""Disabled"": false, ""Group Key"": [""status""], ""Planned Partitions"": 0, ""HashAgg Batches"": 1, ""Peak Memory Usage"": 32, ""Disk Usage"": 0, ""Shared Hit Blocks"": 6647, ""Shared Read Blocks"": 0, ""Shared Dirtied Blocks"": 0, ""Shared Written Blocks"": 0, ""Local Hit Blocks"": 0, ""Local Read Blocks"": 0, ""Local Dirtied Blocks"": 0, ""Local Written Blocks"": 0, ""Temp Read Blocks"": 0, ""Temp Written Blocks"": 0, ""Workers"": [{""Worker Number"": 0, ""HashAgg Batches"": 1, ""Peak Memory Usage"": 32, ""Disk Usage"": 0}, {""Worker Number"": 1, ""HashAgg Batches"": 1, ""Peak Memory Usage"": 32, ""Disk Usage"": 0}], ""Plans"": [{""Node Type"": ""Seq Scan"", ""Parent Relationship"": ""Outer"", ""Parallel Aware"": true, ""Async Capable"": false, ""Relation Name"": ""orders"", ""Alias"": ""orders"", ""Startup Cost"": 0.0, ""Total Cost"": 9147.0, ""Plan Rows"": 250000, ""Plan Width"": 8, ""Actual Startup Time"": 0.016, ""Actual Total Time"": 17.737, ""Actual Rows"": 200000.0, ""Actual Loops"": 3, ""Disabled"": false, ""Shared Hit Blocks"": 6647, ""Shared Read Blocks"": 0, ""Shared Dirtied Blocks"": 0, ""Shared Written Blocks"": 0, ""Local Hit Blocks"": 0, ""Local Read Blocks"": 0, ""Local Dirtied Blocks"": 0, ""Local Written Blocks"": 0, ""Temp Read Blocks"": 0, ""Temp Written Blocks"": 0, ""Workers"": []}]}]}]}]}, ""Planning"": {""Shared Hit Blocks"": 0, ""Shared Read Blocks"": 0, ""Shared Dirtied Blocks"": 0, ""Shared Written Blocks"": 0, ""Local Hit Blocks"": 0, ""Local Read Blocks"": 0, ""Local Dirtied Blocks"": 0, ""Local Written Blocks"": 0, ""Temp Read Blocks"": 0, ""Temp Written Blocks"": 0}, ""Planning Time"": 0.087, ""Triggers"": [], ""Execution Time"": 194.304}"
composite,q1_point_lookup,0.017,Index Scan,"{""Plan"": {""Node Type"": ""Index Scan"", ""Parallel Aware"": false, ""Async Capable"": false, ""Scan Direction"": ""Forward"", ""Index Name"": ""orders_pkey"", ""Relation Name"": ""orders"", ""Alias"": ""orders"", ""Startup Cost"": 0.42, ""Total Cost"": 8.44, ""Plan Rows"": 1, ""Plan Width"": 56, ""Actual Startup Time"": 0.007, ""Actual Total Time"": 0.008, ""Actual Rows"": 1.0, ""Actual Loops"": 1, ""Disabled"": false, ""Index Cond"": ""(order_id = 250000)"", ""Rows Removed by Index Recheck"": 0, ""Index Searches"": 1, ""Shared Hit Blocks"": 4, ""Shared Read Blocks"": 0, ""Shared Dirtied Blocks"": 0, ""Shared Written Blocks"": 0, ""Local Hit Blocks"": 0, ""Local Read Blocks"": 0, ""Local Dirtied Blocks"": 0, ""Local Written Blocks"": 0, ""Temp Read Blocks"": 0, ""Temp Written Blocks"": 0}, ""Planning"": {""Shared Hit Blocks"": 26, ""Shared Read Blocks"": 1, ""Shared Dirtied Blocks"": 0, ""Shared Written Blocks"": 0, ""Local Hit Blocks"": 0, ""Local Read Blocks"": 0, ""Local Dirtied Blocks"": 0, ""Local Written Blocks"": 0, ""Temp Read Blocks"": 0, ""Temp Written Blocks"": 0}, ""Planning Time"": 0.206, ""Triggers"": [], ""Execution Time"": 0.017}"
composite,q2_range_scan,99.712,Aggregate,"{""Plan"": {""Node Type"": ""Aggregate"", ""Strategy"": ""Plain"", ""Partial Mode"": ""Finalize"", ""Parallel Aware"": false, ""Async Capable"": false, ""Startup Cost"": 11501.11, ""Total Cost"": 11501.12, ""Plan Rows"": 1, ""Plan Width"": 8, ""Actual Startup Time"": 93.831, ""Actual Total Time"": 99.683, ""Actual Rows"": 1.0, ""Actual Loops"": 1, ""Disabled"": false, ""Shared Hit Blocks"": 6647, ""Shared Read Blocks"": 0, ""Shared Dirtied Blocks"": 0, ""Shared Written Blocks"": 0, ""Local Hit Blocks"": 0, ""Local Read Blocks"": 0, ""Local Dirtied Blocks"": 0, ""Local Written Blocks"": 0, ""Temp Read Blocks"": 0, ""Temp Written Blocks"": 0, ""Plans"": [{""Node Type"": ""Gather"", ""Parent Relationship"": ""Outer"", ""Parallel Aware"": false, ""Async Capable"": false, ""Startup Cost"": 11500.9, ""Total Cost"": 11501.11, ""Plan Rows"": 2, ""Plan Width"": 8, ""Actual Startup Time"": 93.665, ""Actual Total Time"": 99.675, ""Actual Rows"": 3.0, ""Actual Loops"": 1, ""Disabled"": false, ""Workers Planned"": 2, ""Workers Launched"": 2, ""Single Copy"": false, ""Shared Hit Blocks"": 6647, ""Shared Read Blocks"": 0, ""Shared Dirtied Blocks"": 0, ""Shared Written Blocks"": 0, ""Local Hit Blocks"": 0, ""Local Read Blocks"": 0, ""Local Dirtied Blocks"": 0, ""Local Written Blocks"": 0, ""Temp Read Blocks"": 0, ""Temp Written Blocks"": 0, ""Plans"": [{""Node Type"": ""Aggregate"", ""Strategy"": ""Plain"", ""Partial Mode"": ""Partial"", ""Parent Relationship"": ""Outer"", ""Parallel Aware"": false, ""Async Capable"": false, ""Startup Cost"": 10500.9, ""Total Cost"": 10500.91, ""Plan Rows"": 1, ""Plan Width"": 8, ""Actual Startup Time"": 58.864, ""Actual Total Time"": 58.864, ""Actual Rows"": 1.0, ""Actual Loops"": 3, ""Disabled"": false, ""Shared Hit Blocks"": 6647, ""Shared Read Blocks"": 0, ""Shared Dirtied Blocks"": 0, ""Shared Written Blocks"": 0, ""Local Hit Blocks"": 0, ""Local Read Blocks"": 0, ""Local Dirtied Blocks"": 0, ""Local Written Blocks"": 0, ""Temp Read Blocks"": 0, ""Temp Written Blocks"": 0, ""Workers"": [], ""Plans"": [{""Node Type"": ""Seq Scan"", ""Parent Relationship"": ""Outer"", ""Parallel Aware"": true, ""Async Capable"": false, ""Relation Name"": ""orders"", ""Alias"": ""orders"", ""Startup Cost"": 0.0, ""Total Cost"": 10397.0, ""Plan Rows"": 41558, ""Plan Width"": 0, ""Actual Startup Time"": 0.019, ""Actual Total Time"": 53.467, ""Actual Rows"": 33526.33, ""Actual Loops"": 3, ""Disabled"": false, ""Filter"": ""((order_date >= '2023-01-01'::date) AND (order_date <= '2023-12-31'::date))"", ""Rows Removed by Filter"": 166474, ""Shared Hit Blocks"": 6647, ""Shared Read Blocks"": 0, ""Shared Dirtied Blocks"": 0, ""Shared Written Blocks"": 0, ""Local Hit Blocks"": 0, ""Local Read Blocks"": 0, ""Local Dirtied Blocks"": 0, ""Local Written Blocks"": 0, ""Temp Read Blocks"": 0, ""Temp Written Blocks"": 0, ""Workers"": []}]}]}]}, ""Planning"": {""Shared Hit Blocks"": 0, ""Shared Read Blocks"": 0, ""Shared Dirtied Blocks"": 0, ""Shared Written Blocks"": 0, ""Local Hit Blocks"": 0, ""Local Read Blocks"": 0, ""Local Dirtied Blocks"": 0, ""Local Written Blocks"": 0, ""Temp Read Blocks"": 0, ""Temp Written Blocks"": 0}, ""Planning Time"": 0.061, ""Triggers"": [], ""Execution Time"": 99.712}"
composite,q3_multi_condition,0.09,Index Scan,"{""Plan"": {""Node Type"": ""Index Scan"", ""Parallel Aware"": false, ""Async Capable"": false, ""Scan Direction"": ""Forward"", ""Index Name"": ""idx_orders_customer_order_date"", ""Relation Name"": ""orders"", ""Alias"": ""orders"", ""Startup Cost"": 0.42, ""Total Cost"": 12.46, ""Plan Rows"": 2, ""Plan Width"": 56, ""Actual Startup Time"": 0.073, ""Actual Total Time"": 0.076, ""Actual Rows"": 2.0, ""Actual Loops"": 1, ""Disabled"": false, ""Index Cond"": ""((customer_id = 900) AND (order_date >= '2024-01-01'::date))"", ""Rows Removed by Index Recheck"": 0, ""Index Searches"": 1, ""Shared Hit Blocks"": 2, ""Shared Read Blocks"": 3, ""Shared Dirtied Blocks"": 0, ""Shared Written Blocks"": 0, ""Local Hit Blocks"": 0, ""Local Read Blocks"": 0, ""Local Dirtied Blocks"": 0, ""Local Written Blocks"": 0, ""Temp Read Blocks"": 0, ""Temp Written Blocks"": 0}, ""Planning"": {""Shared Hit Blocks"": 0, ""Shared Read Blocks"": 0, ""Shared Dirtied Blocks"": 0, ""Shared Written Blocks"": 0, ""Local Hit Blocks"": 0, ""Local Read Blocks"": 0, ""Local Dirtied Blocks"": 0, ""Local Written Blocks"": 0, ""Temp Read Blocks"": 0, ""Temp Written Blocks"": 0}, ""Planning Time"": 0.116, ""Triggers"": [], ""Execution Time"": 0.09}"
composite,q4_partial_candidate,115.737,Gather,"{""Plan"": {""Node Type"": ""Gather"", ""Parallel Aware"": false, ""Async Capable"": false, ""Startup Cost"": 1000.0, ""Total Cost"": 14737.2, ""Plan Rows"": 33402, ""Plan Width"": 20, ""Actual Startup Time"": 0.305, ""Actual Total Time"": 113.609, ""Actual Rows"": 33341.0, ""Actual Loops"": 1, ""Disabled"": false, ""Workers Planned"": 2, ""Workers Launched"": 2, ""Single Copy"": false, ""Shared Hit Blocks"": 6647, ""Shared Read Blocks"": 0, ""Shared Dirtied Blocks"": 0, ""Shared Written Blocks"": 0, ""Local Hit Blocks"": 0, ""Local Read Blocks"": 0, ""Local Dirtied Blocks"": 0, ""Local Written Blocks"": 0, ""Temp Read Blocks"": 0, ""Temp Written Blocks"": 0, ""Plans"": [{""Node Type"": ""Seq Scan"", ""Parent Relationship"": ""Outer"", ""Parallel Aware"": true, ""Async Capable"": false, ""Relation Name"": ""orders"", ""Alias"": ""orders"", ""Startup Cost"": 0.0, ""Total Cost"": 10397.0, ""Plan Rows"": 13918, ""Plan Width"": 20, ""Actual Startup Time"": 0.022, ""Actual Total Time"": 48.152, ""Actual Rows"": 11113.67, ""Actual Loops"": 3, ""Disabled"": false, ""Filter"": ""((order_date >= '2024-01-01'::date) AND (status = 'pending'::text))"", ""Rows Removed by Filter"": 188886, ""Shared Hit Blocks"": 6647, ""Shared Read Blocks"": 0, ""Shared Dirtied Blocks"": 0, ""Shared Written Blocks"": 0, ""Local Hit Blocks"": 0, ""Local Read Blocks"": 0, ""Local Dirtied Blocks"": 0, ""Local Written Blocks"": 0, ""Temp Read Blocks"": 0, ""Temp Written Blocks"": 0, ""Workers"": []}]}, ""Planning"": {""Shared Hit Blocks"": 0, ""Shared Read Blocks"": 0, ""Shared Dirtied Blocks"": 0, ""Shared Written Blocks"": 0, ""Local Hit Blocks"": 0, ""Local Read Blocks"": 0, ""Local Dirtied Blocks"": 0, ""Local Written Blocks"": 0, ""Temp Read Blocks"": 0, ""Temp Written Blocks"": 0}, ""Planning Time"": 0.069, ""Triggers"": [], ""Execution Time"": 115.737}"
composite,q5_aggregation_covering_candidate,32.914,Aggregate,"{""Plan"": {""Node Type"": ""Aggregate"", ""Strategy"": ""Hashed"", ""Partial Mode"": ""Simple"", ""Parallel Aware"": false, ""Async Capable"": false, ""Startup Cost"": 7772.42, ""Total Cost"": 8045.72, ""Plan Rows"": 21864, ""Plan Width"": 40, ""Actual Startup Time"": 30.344, ""Actual Total Time"": 31.813, ""Actual Rows"": 3992.0, ""Actual Loops"": 1, ""Disabled"": false, ""Group Key"": [""customer_id""], ""Planned Partitions"": 0, ""HashAgg Batches"": 1, ""Peak Memory Usage"": 2065, ""Disk Usage"": 0, ""Shared Hit Blocks"": 6505, ""Shared Read Blocks"": 93, ""Shared Dirtied Blocks"": 0, ""Shared Written Blocks"": 0, ""Local Hit Blocks"": 0, ""Local Read Blocks"": 0, ""Local Dirtied Blocks"": 0, ""Local Written Blocks"": 0, ""Temp Read Blocks"": 0, ""Temp Written Blocks"": 0, ""Plans"": [{""Node Type"": ""Bitmap Heap Scan"", ""Parent Relationship"": ""Outer"", ""Parallel Aware"": false, ""Async Capable"": false, ""Relation Name"": ""orders"", ""Alias"": ""orders"", ""Startup Cost"": 632.86, ""Total Cost"": 7649.28, ""Plan Rows"": 24628, ""Plan Width"": 14, ""Actual Startup Time"": 7.055, ""Actual Total Time"": 15.675, ""Actual Rows"": 24071.0, ""Actual Loops"": 1, ""Disabled"": false, ""Recheck Cond"": ""((customer_id >= 1000) AND (customer_id <= 5000))"", ""Rows Removed by Index Recheck"": 0, ""Exact Heap Blocks"": 6503, ""Lossy Heap Blocks"": 0, ""Shared Hit Blocks"": 6505, ""Shared Read Blocks"": 93, ""Shared Dirtied Blocks"": 0, ""Shared Written Blocks"": 0, ""Local Hit Blocks"": 0, ""Local Read Blocks"": 0, ""Local Dirtied Blocks"": 0, ""Local Written Blocks"": 0, ""Temp Read Blocks"": 0, ""Temp Written Blocks"": 0, ""Plans"": [{""Node Type"": ""Bitmap Index Scan"", ""Parent Relationship"": ""Outer"", ""Parallel Aware"": false, ""Async Capable"": false, ""Index Name"": ""idx_orders_customer_order_date"", ""Startup Cost"": 0.0, ""Total Cost"": 626.7, ""Plan Rows"": 24628, ""Plan Width"": 0, ""Actual Startup Time"": 5.649, ""Actual Total Time"": 5.649, ""Actual Rows"": 24071.0, ""Actual Loops"": 1, ""Disabled"": false, ""Index Cond"": ""((customer_id >= 1000) AND (customer_id <= 5000))"", ""Index Searches"": 1, ""Shared Hit Blocks"": 2, ""Shared Read Blocks"": 93, ""Shared Dirtied Blocks"": 0, ""Shared Written Blocks"": 0, ""Local Hit Blocks"": 0, ""Local Read Blocks"": 0, ""Local Dirtied Blocks"": 0, ""Local Written Blocks"": 0, ""Temp Read Blocks"": 0, ""Temp Written Blocks"": 0}]}]}, ""Planning"": {""Shared Hit Blocks"": 3, ""Shared Read Blocks"": 0, ""Shared Dirtied Blocks"": 0, ""Shared Written Blocks"": 0, ""Local Hit Blocks"": 0, ""Local Read Blocks"": 0, ""Local Dirtied Blocks"": 0, ""Local Written Blocks"": 0, ""Temp Read Blocks"": 0, ""Temp Written Blocks"": 0}, ""Planning Time"": 0.257, ""Triggers"": [], ""Execution Time"": 32.914}"
composite,q6_group_by_status,173.22,Aggregate,"{""Plan"": {""Node Type"": ""Aggregate"", ""Strategy"": ""Sorted"", ""Partial Mode"": ""Finalize"", ""Parallel Aware"": false, ""Async Capable"": false, ""Startup Cost"": 11397.1, ""Total Cost"": 11398.36, ""Plan Rows"": 4, ""Plan Width"": 17, ""Actual Startup Time"": 148.92, ""Actual Total Time"": 173.169, ""Actual Rows"": 4.0, ""Actual Loops"": 1, ""Disabled"": false, ""Group Key"": [""status""], ""Shared Hit Blocks"": 6663, ""Shared Read Blocks"": 0, ""Shared Dirtied Blocks"": 0, ""Shared Written Blocks"": 0, ""Local Hit Blocks"": 0, ""Local Read Blocks"": 0, ""Local Dirtied Blocks"": 0, ""Local Written Blocks"": 0, ""Temp Read Blocks"": 0, ""Temp Written Blocks"": 0, ""Plans"": [{""Node Type"": ""Gather Merge"", ""Parent Relationship"": ""Outer"", ""Parallel Aware"": false, ""Async Capable"": false, ""Startup Cost"": 11397.1, ""Total Cost"": 11398.27, ""Plan Rows"": 10, ""Plan Width"": 17, ""Actual Startup Time"": 148.91, ""Actual Total Time"": 173.156, ""Actual Rows"": 12.0, ""Actual Loops"": 1, ""Disabled"": false, ""Workers Planned"": 2, ""Workers Launched"": 2, ""Shared Hit Blocks"": 6663, ""Shared Read Blocks"": 0, ""Shared Dirtied Blocks"": 0, ""Shared Written Blocks"": 0, ""Local Hit Blocks"": 0, ""Local Read Blocks"": 0, ""Local Dirtied Blocks"": 0, ""Local Written Blocks"": 0, ""Temp Read Blocks"": 0, ""Temp Written Blocks"": 0, ""Plans"": [{""Node Type"": ""Sort"", ""Parent Relationship"": ""Outer"", ""Parallel Aware"": false, ""Async Capable"": false, ""Startup Cost"": 10397.08, ""Total Cost"": 10397.09, ""Plan Rows"": 4, ""Plan Width"": 17, ""Actual Startup Time"": 110.54, ""Actual Total Time"": 110.541, ""Actual Rows"": 4.0, ""Actual Loops"": 3, ""Disabled"": false, ""Sort Key"": [""status""], ""Sort Method"": ""quicksort"", ""Sort Space Used"": 25, ""Sort Space Type"": ""Memory"", ""Shared Hit Blocks"": 6663, ""Shared Read Blocks"": 0, ""Shared Dirtied Blocks"": 0, ""Shared Written Blocks"": 0, ""Local Hit Blocks"": 0, ""Local Read Blocks"": 0, ""Local Dirtied Blocks"": 0, ""Local Written Blocks"": 0, ""Temp Read Blocks"": 0, ""Temp Written Blocks"": 0, ""Workers"": [{""Worker Number"": 0, ""Sort Method"": ""quicksort"", ""Sort Space Used"": 25, ""Sort Space Type"": ""Memory""}, {""Worker Number"": 1, ""Sort Method"": ""quicksort"", ""Sort Space Used"": 25, ""Sort Space Type"": ""Memory""}], ""Plans"": [{""Node Type"": ""Aggregate"", ""Strategy"": ""Hashed"", ""Partial Mode"": ""Partial"", ""Parent Relationship"": ""Outer"", ""Parallel Aware"": false, ""Async Capable"": false, ""Startup Cost"": 10397.0, ""Total Cost"": 10397.04, ""Plan Rows"": 4, ""Plan Width"": 17, ""Actual Startup Time"": 110.484, ""Actual Total Time"": 110.486, ""Actual Rows"": 4.0, ""Actual Loops"": 3, ""Disabled"": false, ""Group Key"": [""status""], ""Planned Partitions"": 0, ""HashAgg Batches"": 1, ""Peak Memory Usage"": 32, ""Disk Usage"": 0, ""Shared Hit Blocks"": 6647, ""Shared Read Blocks"": 0, ""Shared Dirtied Blocks"": 0, ""Shared Written Blocks"": 0, ""Local Hit Blocks"": 0, ""Local Read Blocks"": 0, ""Local Dirtied Blocks"": 0, ""Local Written Blocks"": 0, ""Temp Read Blocks"": 0, ""Temp Written Blocks"": 0, ""Workers"": [{""Worker Number"": 0, ""HashAgg Batches"": 1, ""Peak Memory Usage"": 32, ""Disk Usage"": 0}, {""Worker Number"": 1, ""HashAgg Batches"": 1, ""Peak Memory Usage"": 32, ""Disk Usage"": 0}], ""Plans"": [{""Node Type"": ""Seq Scan"", ""Parent Relationship"": ""Outer"", ""Parallel Aware"": true, ""Async Capable"": false, ""Relation Name"": ""orders"", ""Alias"": ""orders"", ""Startup Cost"": 0.0, ""Total Cost"": 9147.0, ""Plan Rows"": 250000, ""Plan Width"": 9, ""Actual Startup Time"": 0.018, ""Actual Total Time"": 20.273, ""Actual Rows"": 200000.0, ""Actual Loops"": 3, ""Disabled"": false, ""Shared Hit Blocks"": 6647, ""Shared Read Blocks"": 0, ""Shared Dirtied Blocks"": 0, ""Shared Written Blocks"": 0, ""Local Hit Blocks"": 0, ""Local Read Blocks"": 0, ""Local Dirtied Blocks"": 0, ""Local Written Blocks"": 0, ""Temp Read Blocks"": 0, ""Temp Written Blocks"": 0, ""Workers"": []}]}]}]}]}, ""Planning"": {""Shared Hit Blocks"": 0, ""Shared Read Blocks"": 0, ""Shared Dirtied Blocks"": 0, ""Shared Written Blocks"": 0, ""Local Hit Blocks"": 0, ""Local Read Blocks"": 0, ""Local Dirtied Blocks"": 0, ""Local Written Blocks"": 0, ""Temp Read Blocks"": 0, ""Temp Written Blocks"": 0}, ""Planning Time"": 0.129, ""Triggers"": [], ""Execution Time"": 173.22}"
partial,q1_point_lookup,0.021,Index Scan,"{""Plan"": {""Node Type"": ""Index Scan"", ""Parallel Aware"": false, ""Async Capable"": false, ""Scan Direction"": ""Forward"", ""Index Name"": ""orders_pkey"", ""Relation Name"": ""orders"", ""Alias"": ""orders"", ""Startup Cost"": 0.42, ""Total Cost"": 8.44, ""Plan Rows"": 1, ""Plan Width"": 55, ""Actual Startup Time"": 0.007, ""Actual Total Time"": 0.008, ""Actual Rows"": 1.0, ""Actual Loops"": 1, ""Disabled"": false, ""Index Cond"": ""(order_id = 250000)"", ""Rows Removed by Index Recheck"": 0, ""Index Searches"": 1, ""Shared Hit Blocks"": 4, ""Shared Read Blocks"": 0, ""Shared Dirtied Blocks"": 0, ""Shared Written Blocks"": 0, ""Local Hit Blocks"": 0, ""Local Read Blocks"": 0, ""Local Dirtied Blocks"": 0, ""Local Written Blocks"": 0, ""Temp Read Blocks"": 0, ""Temp Written Blocks"": 0}, ""Planning"": {""Shared Hit Blocks"": 26, ""Shared Read Blocks"": 1, ""Shared Dirtied Blocks"": 0, ""Shared Written Blocks"": 0, ""Local Hit Blocks"": 0, ""Local Read Blocks"": 0, ""Local Dirtied Blocks"": 0, ""Local Written Blocks"": 0, ""Temp Read Blocks"": 0, ""Temp Written Blocks"": 0}, ""Planning Time"": 0.716, ""Triggers"": [], ""Execution Time"": 0.021}"
partial,q2_range_scan,115.036,Aggregate,"{""Plan"": {""Node Type"": ""Aggregate"", ""Strategy"": ""Plain"", ""Partial Mode"": ""Finalize"", ""Parallel Aware"": false, ""Async Capable"": false, ""Startup Cost"": 11501.82, ""Total Cost"": 11501.83, ""Plan Rows"": 1, ""Plan Width"": 8, ""Actual Startup Time"": 89.777, ""Actual Total Time"": 115.002, ""Actual Rows"": 1.0, ""Actual Loops"": 1, ""Disabled"": false, ""Shared Hit Blocks"": 6647, ""Shared Read Blocks"": 0, ""Shared Dirtied Blocks"": 0, ""Shared Written Blocks"": 0, ""Local Hit Blocks"": 0, ""Local Read Blocks"": 0, ""Local Dirtied Blocks"": 0, ""Local Written Blocks"": 0, ""Temp Read Blocks"": 0, ""Temp Written Blocks"": 0, ""Plans"": [{""Node Type"": ""Gather"", ""Parent Relationship"": ""Outer"", ""Parallel Aware"": false, ""Async Capable"": false, ""Startup Cost"": 11501.6, ""Total Cost"": 11501.82, ""Plan Rows"": 2, ""Plan Width"": 8, ""Actual Startup Time"": 89.561, ""Actual Total Time"": 114.993, ""Actual Rows"": 3.0, ""Actual Loops"": 1, ""Disabled"": false, ""Workers Planned"": 2, ""Workers Launched"": 2, ""Single Copy"": false, ""Shared Hit Blocks"": 6647, ""Shared Read Blocks"": 0, ""Shared Dirtied Blocks"": 0, ""Shared Written Blocks"": 0, ""Local Hit Blocks"": 0, ""Local Read Blocks"": 0, ""Local Dirtied Blocks"": 0, ""Local Written Blocks"": 0, ""Temp Read Blocks"": 0, ""Temp Written Blocks"": 0, ""Plans"": [{""Node Type"": ""Aggregate"", ""Strategy"": ""Plain"", ""Partial Mode"": ""Partial"", ""Parent Relationship"": ""Outer"", ""Parallel Aware"": false, ""Async Capable"": false, ""Startup Cost"": 10501.6, ""Total Cost"": 10501.61, ""Plan Rows"": 1, ""Plan Width"": 8, ""Actual Startup Time"": 49.832, ""Actual Total Time"": 49.833, ""Actual Rows"": 1.0, ""Actual Loops"": 3, ""Disabled"": false, ""Shared Hit Blocks"": 6647, ""Shared Read Blocks"": 0, ""Shared Dirtied Blocks"": 0, ""Shared Written Blocks"": 0, ""Local Hit Blocks"": 0, ""Local Read Blocks"": 0, ""Local Dirtied Blocks"": 0, ""Local Written Blocks"": 0, ""Temp Read Blocks"": 0, ""Temp Written Blocks"": 0, ""Workers"": [], ""Plans"": [{""Node Type"": ""Seq Scan"", ""Parent Relationship"": ""Outer"", ""Parallel Aware"": true, ""Async Capable"": false, ""Relation Name"": ""orders"", ""Alias"": ""orders"", ""Startup Cost"": 0.0, ""Total Cost"": 10397.0, ""Plan Rows"": 41842, ""Plan Width"": 0, ""Actual Startup Time"": 0.023, ""Actual Total Time"": 46.191, ""Actual Rows"": 33526.33, ""Actual Loops"": 3, ""Disabled"": false, ""Filter"": ""((order_date >= '2023-01-01'::date) AND (order_date <= '2023-12-31'::date))"", ""Rows Removed by Filter"": 166474, ""Shared Hit Blocks"": 6647, ""Shared Read Blocks"": 0, ""Shared Dirtied Blocks"": 0, ""Shared Written Blocks"": 0, ""Local Hit Blocks"": 0, ""Local Read Blocks"": 0, ""Local Dirtied Blocks"": 0, ""Local Written Blocks"": 0, ""Temp Read Blocks"": 0, ""Temp Written Blocks"": 0, ""Workers"": []}]}]}]}, ""Planning"": {""Shared Hit Blocks"": 0, ""Shared Read Blocks"": 0, ""Shared Dirtied Blocks"": 0, ""Shared Written Blocks"": 0, ""Local Hit Blocks"": 0, ""Local Read Blocks"": 0, ""Local Dirtied Blocks"": 0, ""Local Written Blocks"": 0, ""Temp Read Blocks"": 0, ""Temp Written Blocks"": 0}, ""Planning Time"": 0.062, ""Triggers"": [], ""Execution Time"": 115.036}"
partial,q3_multi_condition,93.558,Gather,"{""Plan"": {""Node Type"": ""Gather"", ""Parallel Aware"": false, ""Async Capable"": false, ""Startup Cost"": 1000.0, ""Total Cost"": 11397.2, ""Plan Rows"": 2, ""Plan Width"": 55, ""Actual Startup Time"": 80.068, ""Actual Total Time"": 93.534, ""Actual Rows"": 2.0, ""Actual Loops"": 1, ""Disabled"": false, ""Workers Planned"": 2, ""Workers Launched"": 2, ""Single Copy"": false, ""Shared Hit Blocks"": 6647, ""Shared Read Blocks"": 0, ""Shared Dirtied Blocks"": 0, ""Shared Written Blocks"": 0, ""Local Hit Blocks"": 0, ""Local Read Blocks"": 0, ""Local Dirtied Blocks"": 0, ""Local Written Blocks"": 0, ""Temp Read Blocks"": 0, ""Temp Written Blocks"": 0, ""Plans"": [{""Node Type"": ""Seq Scan"", ""Parent Relationship"": ""Outer"", ""Parallel Aware"": true, ""Async Capable"": false, ""Relation Name"": ""orders"", ""Alias"": ""orders"", ""Startup Cost"": 0.0, ""Total Cost"": 10397.0, ""Plan Rows"": 1, ""Plan Width"": 55, ""Actual Startup Time"": 40.627, ""Actual Total Time"": 44.062, ""Actual Rows"": 0.67, ""Actual Loops"": 3, ""Disabled"": false, ""Filter"": ""((order_date >= '2024-01-01'::date) AND (customer_id = 900))"", ""Rows Removed by Filter"": 199999, ""Shared Hit Blocks"": 6647, ""Shared Read Blocks"": 0, ""Shared Dirtied Blocks"": 0, ""Shared Written Blocks"": 0, ""Local Hit Blocks"": 0, ""Local Read Blocks"": 0, ""Local Dirtied Blocks"": 0, ""Local Written Blocks"": 0, ""Temp Read Blocks"": 0, ""Temp Written Blocks"": 0, ""Workers"": []}]}, ""Planning"": {""Shared Hit Blocks"": 0, ""Shared Read Blocks"": 0, ""Shared Dirtied Blocks"": 0, ""Shared Written Blocks"": 0, ""Local Hit Blocks"": 0, ""Local Read Blocks"": 0, ""Local Dirtied Blocks"": 0, ""Local Written Blocks"": 0, ""Temp Read Blocks"": 0, ""Temp Written Blocks"": 0}, ""Planning Time"": 0.128, ""Triggers"": [], ""Execution Time"": 93.558}"
partial,q4_partial_candidate,15.466,Bitmap Heap Scan,"{""Plan"": {""Node Type"": ""Bitmap Heap Scan"", ""Parallel Aware"": false, ""Async Capable"": false, ""Relation Name"": ""orders"", ""Alias"": ""orders"", ""Startup Cost"": 382.52, ""Total Cost"": 7529.32, ""Plan Rows"": 33320, ""Plan Width"": 20, ""Actual Startup Time"": 3.174, ""Actual Total Time"": 14.195, ""Actual Rows"": 33341.0, ""Actual Loops"": 1, ""Disabled"": false, ""Recheck Cond"": ""((order_date >= '2024-01-01'::date) AND (status = 'pending'::text))"", ""Rows Removed by Index Recheck"": 0, ""Exact Heap Blocks"": 6599, ""Lossy Heap Blocks"": 0, ""Shared Hit Blocks"": 6599, ""Shared Read Blocks"": 31, ""Shared Dirtied Blocks"": 0, ""Shared Written Blocks"": 0, ""Local Hit Blocks"": 0, ""Local Read Blocks"": 0, ""Local Dirtied Blocks"": 0, ""Local Written Blocks"": 0, ""Temp Read Blocks"": 0, ""Temp Written Blocks"": 0, ""Plans"": [{""Node Type"": ""Bitmap Index Scan"", ""Parent Relationship"": ""Outer"", ""Parallel Aware"": false, ""Async Capable"": false, ""Index Name"": ""idx_orders_pending_order_date"", ""Startup Cost"": 0.0, ""Total Cost"": 374.19, ""Plan Rows"": 33320, ""Plan Width"": 0, ""Actual Startup Time"": 2.372, ""Actual Total Time"": 2.372, ""Actual Rows"": 33341.0, ""Actual Loops"": 1, ""Disabled"": false, ""Index Cond"": ""(order_date >= '2024-01-01'::date)"", ""Index Searches"": 1, ""Shared Hit Blocks"": 0, ""Shared Read Blocks"": 31, ""Shared Dirtied Blocks"": 0, ""Shared Written Blocks"": 0, ""Local Hit Blocks"": 0, ""Local Read Blocks"": 0, ""Local Dirtied Blocks"": 0, ""Local Written Blocks"": 0, ""Temp Read Blocks"": 0, ""Temp Written Blocks"": 0}]}, ""Planning"": {""Shared Hit Blocks"": 0, ""Shared Read Blocks"": 0, ""Shared Dirtied Blocks"": 0, ""Shared Written Blocks"": 0, ""Local Hit Blocks"": 0, ""Local Read Blocks"": 0, ""Local Dirtied Blocks"": 0, ""Local Written Blocks"": 0, ""Temp Read Blocks"": 0, ""Temp Written Blocks"": 0}, ""Planning Time"": 0.094, ""Triggers"": [], ""Execution Time"": 15.466}"
partial,q5_aggregation_covering_candidate,110.304,Aggregate,"{""Plan"": {""Node Type"": ""Aggregate"", ""Strategy"": ""Hashed"", ""Partial Mode"": ""Simple"", ""Parallel Aware"": false, ""Async Capable"": false, ""Startup Cost"": 13967.5, ""Total Cost"": 14238.94, ""Plan Rows"": 21715, ""Plan Width"": 40, ""Actual Startup Time"": 94.791, ""Actual Total Time"": 109.411, ""Actual Rows"": 3992.0, ""Actual Loops"": 1, ""Disabled"": false, ""Group Key"": [""customer_id""], ""Planned Partitions"": 0, ""HashAgg Batches"": 1, ""Peak Memory Usage"": 2065, ""Disk Usage"": 0, ""Shared Hit Blocks"": 6647, ""Shared Read Blocks"": 0, ""Shared Dirtied Blocks"": 0, ""Shared Written Blocks"": 0, ""Local Hit Blocks"": 0, ""Local Read Blocks"": 0, ""Local Dirtied Blocks"": 0, ""Local Written Blocks"": 0, ""Temp Read Blocks"": 0, ""Temp Written Blocks"": 0, ""Plans"": [{""Node Type"": ""Gather"", ""Parent Relationship"": ""Outer"", ""Parallel Aware"": false, ""Async Capable"": false, ""Startup Cost"": 1000.0, ""Total Cost"": 13845.1, ""Plan Rows"": 24481, ""Plan Width"": 14, ""Actual Startup Time"": 0.332, ""Actual Total Time"": 84.132, ""Actual Rows"": 24071.0, ""Actual Loops"": 1, ""Disabled"": false, ""Workers Planned"": 2, ""Workers Launched"": 2, ""Single Copy"": false, ""Shared Hit Blocks"": 6647, ""Shared Read Blocks"": 0, ""Shared Dirtied Blocks"": 0, ""Shared Written Blocks"": 0, ""Local Hit Blocks"": 0, ""Local Read Blocks"": 0, ""Local Dirtied Blocks"": 0, ""Local Written Blocks"": 0, ""Temp Read Blocks"": 0, ""Temp Written Blocks"": 0, ""Plans"": [{""Node Type"": ""Seq Scan"", ""Parent Relationship"": ""Outer"", ""Parallel Aware"": true, ""Async Capable"": false, ""Relation Name"": ""orders"", ""Alias"": ""orders"", ""Startup Cost"": 0.0, ""Total Cost"": 10397.0, ""Plan Rows"": 10200, ""Plan Width"": 14, ""Actual Startup Time"": 0.024, ""Actual Total Time"": 46.3, ""Actual Rows"": 8023.67, ""Actual Loops"": 3, ""Disabled"": false, ""Filter"": ""((customer_id >= 1000) AND (customer_id <= 5000))"", ""Rows Removed by Filter"": 191976, ""Shared Hit Blocks"": 6647, ""Shared Read Blocks"": 0, ""Shared Dirtied Blocks"": 0, ""Shared Written Blocks"": 0, ""Local Hit Blocks"": 0, ""Local Read Blocks"": 0, ""Local Dirtied Blocks"": 0, ""Local Written Blocks"": 0, ""Temp Read Blocks"": 0, ""Temp Written Blocks"": 0, ""Workers"": []}]}]}, ""Planning"": {""Shared Hit Blocks"": 3, ""Shared Read Blocks"": 0, ""Shared Dirtied Blocks"": 0, ""Shared Written Blocks"": 0, ""Local Hit Blocks"": 0, ""Local Read Blocks"": 0, ""Local Dirtied Blocks"": 0, ""Local Written Blocks"": 0, ""Temp Read Blocks"": 0, ""Temp Written Blocks"": 0}, ""Planning Time"": 0.133, ""Triggers"": [], ""Execution Time"": 110.304}"
partial,q6_group_by_status,167.225,Aggregate,"{""Plan"": {""Node Type"": ""Aggregate"", ""Strategy"": ""Sorted"", ""Partial Mode"": ""Finalize"", ""Parallel Aware"": false, ""Async Capable"": false, ""Startup Cost"": 11397.1, ""Total Cost"": 11398.36, ""Plan Rows"": 4, ""Plan Width"": 16, ""Actual Startup Time"": 139.864, ""Actual Total Time"": 167.169, ""Actual Rows"": 4.0, ""Actual Loops"": 1, ""Disabled"": false, ""Group Key"": [""status""], ""Shared Hit Blocks"": 6663, ""Shared Read Blocks"": 0, ""Shared Dirtied Blocks"": 0, ""Shared Written Blocks"": 0, ""Local Hit Blocks"": 0, ""Local Read Blocks"": 0, ""Local Dirtied Blocks"": 0, ""Local Written Blocks"": 0, ""Temp Read Blocks"": 0, ""Temp Written Blocks"": 0, ""Plans"": [{""Node Type"": ""Gather Merge"", ""Parent Relationship"": ""Outer"", ""Parallel Aware"": false, ""Async Capable"": false, ""Startup Cost"": 11397.1, ""Total Cost"": 11398.27, ""Plan Rows"": 10, ""Plan Width"": 16, ""Actual Startup Time"": 139.853, ""Actual Total Time"": 167.158, ""Actual Rows"": 12.0, ""Actual Loops"": 1, ""Disabled"": false, ""Workers Planned"": 2, ""Workers Launched"": 2, ""Shared Hit Blocks"": 6663, ""Shared Read Blocks"": 0, ""Shared Dirtied Blocks"": 0, ""Shared Written Blocks"": 0, ""Local Hit Blocks"": 0, ""Local Read Blocks"": 0, ""Local Dirtied Blocks"": 0, ""Local Written Blocks"": 0, ""Temp Read Blocks"": 0, ""Temp Written Blocks"": 0, ""Plans"": [{""Node Type"": ""Sort"", ""Parent Relationship"": ""Outer"", ""Parallel Aware"": false, ""Async Capable"": false, ""Startup Cost"": 10397.08, ""Total Cost"": 10397.09, ""Plan Rows"": 4, ""Plan Width"": 16, ""Actual Startup Time"": 101.438, ""Actual Total Time"": 101.439, ""Actual Rows"": 4.0, ""Actual Loops"": 3, ""Disabled"": false, ""Sort Key"": [""status""], ""Sort Method"": ""quicksort"", ""Sort Space Used"": 25, ""Sort Space Type"": ""Memory"", ""Shared Hit Blocks"": 6663, ""Shared Read Blocks"": 0, ""Shared Dirtied Blocks"": 0, ""Shared Written Blocks"": 0, ""Local Hit Blocks"": 0, ""Local Read Blocks"": 0, ""Local Dirtied Blocks"": 0, ""Local Written Blocks"": 0, ""Temp Read Blocks"": 0, ""Temp Written Blocks"": 0, ""Workers"": [{""Worker Number"": 0, ""Sort Method"": ""quicksort"", ""Sort Space Used"": 25, ""Sort Space Type"": ""Memory""}, {""Worker Number"": 1, ""Sort Method"": ""quicksort"", ""Sort Space Used"": 25, ""Sort Space Type"": ""Memory""}], ""Plans"": [{""Node Type"": ""Aggregate"", ""Strategy"": ""Hashed"", ""Partial Mode"": ""Partial"", ""Parent Relationship"": ""Outer"", ""Parallel Aware"": false, ""Async Capable"": false, ""Startup Cost"": 10397.0, ""Total Cost"": 10397.04, ""Plan Rows"": 4, ""Plan Width"": 16, ""Actual Startup Time"": 101.391, ""Actual Total Time"": 101.393, ""Actual Rows"": 4.0, ""Actual Loops"": 3, ""Disabled"": false, ""Group Key"": [""status""], ""Planned Partitions"": 0, ""HashAgg Batches"": 1, ""Peak Memory Usage"": 32, ""Disk Usage"": 0, ""Shared Hit Blocks"": 6647, ""Shared Read Blocks"": 0, ""Shared Dirtied Blocks"": 0, ""Shared Written Blocks"": 0, ""Local Hit Blocks"": 0, ""Local Read Blocks"": 0, ""Local Dirtied Blocks"": 0, ""Local Written Blocks"": 0, ""Temp Read Blocks"": 0, ""Temp Written Blocks"": 0, ""Workers"": [{""Worker Number"": 0, ""HashAgg Batches"": 1, ""Peak Memory Usage"": 32, ""Disk Usage"": 0}, {""Worker Number"": 1, ""HashAgg Batches"": 1, ""Peak Memory Usage"": 32, ""Disk Usage"": 0}], ""Plans"": [{""Node Type"": ""Seq Scan"", ""Parent Relationship"": ""Outer"", ""Parallel Aware"": true, ""Async Capable"": false, ""Relation Name"": ""orders"", ""Alias"": ""orders"", ""Startup Cost"": 0.0, ""Total Cost"": 9147.0, ""Plan Rows"": 250000, ""Plan Width"": 8, ""Actual Startup Time"": 0.013, ""Actual Total Time"": 19.768, ""Actual Rows"": 200000.0, ""Actual Loops"": 3, ""Disabled"": false, ""Shared Hit Blocks"": 6647, ""Shared Read Blocks"": 0, ""Shared Dirtied Blocks"": 0, ""Shared Written Blocks"": 0, ""Local Hit Blocks"": 0, ""Local Read Blocks"": 0, ""Local Dirtied Blocks"": 0, ""Local Written Blocks"": 0, ""Temp Read Blocks"": 0, ""Temp Written Blocks"": 0, ""Workers"": []}]}]}]}]}, ""Planning"": {""Shared Hit Blocks"": 0, ""Shared Read Blocks"": 0, ""Shared Dirtied Blocks"": 0, ""Shared Written Blocks"": 0, ""Local Hit Blocks"": 0, ""Local Read Blocks"": 0, ""Local Dirtied Blocks"": 0, ""Local Written Blocks"": 0, ""Temp Read Blocks"": 0, ""Temp Written Blocks"": 0}, ""Planning Time"": 0.087, ""Triggers"": [], ""Execution Time"": 167.225}"
covering,q1_point_lookup,0.017,Index Scan,"{""Plan"": {""Node Type"": ""Index Scan"", ""Parallel Aware"": false, ""Async Capable"": false, ""Scan Direction"": ""Forward"", ""Index Name"": ""orders_pkey"", ""Relation Name"": ""orders"", ""Alias"": ""orders"", ""Startup Cost"": 0.42, ""Total Cost"": 8.44, ""Plan Rows"": 1, ""Plan Width"": 56, ""Actual Startup Time"": 0.007, ""Actual Total Time"": 0.008, ""Actual Rows"": 1.0, ""Actual Loops"": 1, ""Disabled"": false, ""Index Cond"": ""(order_id = 250000)"", ""Rows Removed by Index Recheck"": 0, ""Index Searches"": 1, ""Shared Hit Blocks"": 4, ""Shared Read Blocks"": 0, ""Shared Dirtied Blocks"": 0, ""Shared Written Blocks"": 0, ""Local Hit Blocks"": 0, ""Local Read Blocks"": 0, ""Local Dirtied Blocks"": 0, ""Local Written Blocks"": 0, ""Temp Read Blocks"": 0, ""Temp Written Blocks"": 0}, ""Planning"": {""Shared Hit Blocks"": 26, ""Shared Read Blocks"": 1, ""Shared Dirtied Blocks"": 0, ""Shared Written Blocks"": 0, ""Local Hit Blocks"": 0, ""Local Read Blocks"": 0, ""Local Dirtied Blocks"": 0, ""Local Written Blocks"": 0, ""Temp Read Blocks"": 0, ""Temp Written Blocks"": 0}, ""Planning Time"": 0.201, ""Triggers"": [], ""Execution Time"": 0.017}"
covering,q2_range_scan,116.188,Aggregate,"{""Plan"": {""Node Type"": ""Aggregate"", ""Strategy"": ""Plain"", ""Partial Mode"": ""Finalize"", ""Parallel Aware"": false, ""Async Capable"": false, ""Startup Cost"": 11502.75, ""Total Cost"": 11502.76, ""Plan Rows"": 1, ""Plan Width"": 8, ""Actual Startup Time"": 86.174, ""Actual Total Time"": 116.142, ""Actual Rows"": 1.0, ""Actual Loops"": 1, ""Disabled"": false, ""Shared Hit Blocks"": 6647, ""Shared Read Blocks"": 0, ""Shared Dirtied Blocks"": 0, ""Shared Written Blocks"": 0, ""Local Hit Blocks"": 0, ""Local Read Blocks"": 0, ""Local Dirtied Blocks"": 0, ""Local Written Blocks"": 0, ""Temp Read Blocks"": 0, ""Temp Written Blocks"": 0, ""Plans"": [{""Node Type"": ""Gather"", ""Parent Relationship"": ""Outer"", ""Parallel Aware"": false, ""Async Capable"": false, ""Startup Cost"": 11502.53, ""Total Cost"": 11502.74, ""Plan Rows"": 2, ""Plan Width"": 8, ""Actual Startup Time"": 86.0, ""Actual Total Time"": 116.136, ""Actual Rows"": 3.0, ""Actual Loops"": 1, ""Disabled"": false, ""Workers Planned"": 2, ""Workers Launched"": 2, ""Single Copy"": false, ""Shared Hit Blocks"": 6647, ""Shared Read Blocks"": 0, ""Shared Dirtied Blocks"": 0, ""Shared Written Blocks"": 0, ""Local Hit Blocks"": 0, ""Local Read Blocks"": 0, ""Local Dirtied Blocks"": 0, ""Local Written Blocks"": 0, ""Temp Read Blocks"": 0, ""Temp Written Blocks"": 0, ""Plans"": [{""Node Type"": ""Aggregate"", ""Strategy"": ""Plain"", ""Partial Mode"": ""Partial"", ""Parent Relationship"": ""Outer"", ""Parallel Aware"": false, ""Async Capable"": false, ""Startup Cost"": 10502.53, ""Total Cost"": 10502.54, ""Plan Rows"": 1, ""Plan Width"": 8, ""Actual Startup Time"": 48.666, ""Actual Total Time"": 48.667, ""Actual Rows"": 1.0, ""Actual Loops"": 3, ""Disabled"": false, ""Shared Hit Blocks"": 6647, ""Shared Read Blocks"": 0, ""Shared Dirtied Blocks"": 0, ""Shared Written Blocks"": 0, ""Local Hit Blocks"": 0, ""Local Read Blocks"": 0, ""Local Dirtied Blocks"": 0, ""Local Written Blocks"": 0, ""Temp Read Blocks"": 0, ""Temp Written Blocks"": 0, ""Workers"": [], ""Plans"": [{""Node Type"": ""Seq Scan"", ""Parent Relationship"": ""Outer"", ""Parallel Aware"": true, ""Async Capable"": false, ""Relation Name"": ""orders"", ""Alias"": ""orders"", ""Startup Cost"": 0.0, ""Total Cost"": 10397.0, ""Plan Rows"": 42212, ""Plan Width"": 0, ""Actual Startup Time"": 0.023, ""Actual Total Time"": 45.192, ""Actual Rows"": 33526.33, ""Actual Loops"": 3, ""Disabled"": false, ""Filter"": ""((order_date >= '2023-01-01'::date) AND (order_date <= '2023-12-31'::date))"", ""Rows Removed by Filter"": 166474, ""Shared Hit Blocks"": 6647, ""Shared Read Blocks"": 0, ""Shared Dirtied Blocks"": 0, ""Shared Written Blocks"": 0, ""Local Hit Blocks"": 0, ""Local Read Blocks"": 0, ""Local Dirtied Blocks"": 0, ""Local Written Blocks"": 0, ""Temp Read Blocks"": 0, ""Temp Written Blocks"": 0, ""Workers"": []}]}]}]}, ""Planning"": {""Shared Hit Blocks"": 0, ""Shared Read Blocks"": 0, ""Shared Dirtied Blocks"": 0, ""Shared Written Blocks"": 0, ""Local Hit Blocks"": 0, ""Local Read Blocks"": 0, ""Local Dirtied Blocks"": 0, ""Local Written Blocks"": 0, ""Temp Read Blocks"": 0, ""Temp Written Blocks"": 0}, ""Planning Time"": 0.078, ""Triggers"": [], ""Execution Time"": 116.188}"
covering,q3_multi_condition,0.12,Bitmap Heap Scan,"{""Plan"": {""Node Type"": ""Bitmap Heap Scan"", ""Parallel Aware"": false, ""Async Capable"": false, ""Relation Name"": ""orders"", ""Alias"": ""orders"", ""Startup Cost"": 4.48, ""Total Cost"": 31.9, ""Plan Rows"": 2, ""Plan Width"": 56, ""Actual Startup Time"": 0.099, ""Actual Total Time"": 0.1, ""Actual Rows"": 2.0, ""Actual Loops"": 1, ""Disabled"": false, ""Recheck Cond"": ""(customer_id = 900)"", ""Rows Removed by Index Recheck"": 0, ""Filter"": ""(order_date >= '2024-01-01'::date)"", ""Rows Removed by Filter"": 3, ""Exact Heap Blocks"": 5, ""Lossy Heap Blocks"": 0, ""Shared Hit Blocks"": 5, ""Shared Read Blocks"": 3, ""Shared Dirtied Blocks"": 0, ""Shared Written Blocks"": 0, ""Local Hit Blocks"": 0, ""Local Read Blocks"": 0, ""Local Dirtied Blocks"": 0, ""Local Written Blocks"": 0, ""Temp Read Blocks"": 0, ""Temp Written Blocks"": 0, ""Plans"": [{""Node Type"": ""Bitmap Index Scan"", ""Parent Relationship"": ""Outer"", ""Parallel Aware"": false, ""Async Capable"": false, ""Index Name"": ""idx_orders_customer_covering"", ""Startup Cost"": 0.0, ""Total Cost"": 4.48, ""Plan Rows"": 7, ""Plan Width"": 0, ""Actual Startup Time"": 0.076, ""Actual Total Time"": 0.076, ""Actual Rows"": 5.0, ""Actual Loops"": 1, ""Disabled"": false, ""Index Cond"": ""(customer_id = 900)"", ""Index Searches"": 1, ""Shared Hit Blocks"": 0, ""Shared Read Blocks"": 3, ""Shared Dirtied Blocks"": 0, ""Shared Written Blocks"": 0, ""Local Hit Blocks"": 0, ""Local Read Blocks"": 0, ""Local Dirtied Blocks"": 0, ""Local Written Blocks"": 0, ""Temp Read Blocks"": 0, ""Temp Written Blocks"": 0}]}, ""Planning"": {""Shared Hit Blocks"": 0, ""Shared Read Blocks"": 0, ""Shared Dirtied Blocks"": 0, ""Shared Written Blocks"": 0, ""Local Hit Blocks"": 0, ""Local Read Blocks"": 0, ""Local Dirtied Blocks"": 0, ""Local Written Blocks"": 0, ""Temp Read Blocks"": 0, ""Temp Written Blocks"": 0}, ""Planning Time"": 0.122, ""Triggers"": [], ""Execution Time"": 0.12}"
covering,q4_partial_candidate,100.136,Gather,"{""Plan"": {""Node Type"": ""Gather"", ""Parallel Aware"": false, ""Async Capable"": false, ""Startup Cost"": 1000.0, ""Total Cost"": 14681.1, ""Plan Rows"": 32841, ""Plan Width"": 20, ""Actual Startup Time"": 0.483, ""Actual Total Time"": 97.904, ""Actual Rows"": 33341.0, ""Actual Loops"": 1, ""Disabled"": false, ""Workers Planned"": 2, ""Workers Launched"": 2, ""Single Copy"": false, ""Shared Hit Blocks"": 6647, ""Shared Read Blocks"": 0, ""Shared Dirtied Blocks"": 0, ""Shared Written Blocks"": 0, ""Local Hit Blocks"": 0, ""Local Read Blocks"": 0, ""Local Dirtied Blocks"": 0, ""Local Written Blocks"": 0, ""Temp Read Blocks"": 0, ""Temp Written Blocks"": 0, ""Plans"": [{""Node Type"": ""Seq Scan"", ""Parent Relationship"": ""Outer"", ""Parallel Aware"": true, ""Async Capable"": false, ""Relation Name"": ""orders"", ""Alias"": ""orders"", ""Startup Cost"": 0.0, ""Total Cost"": 10397.0, ""Plan Rows"": 13684, ""Plan Width"": 20, ""Actual Startup Time"": 0.024, ""Actual Total Time"": 48.692, ""Actual Rows"": 11113.67, ""Actual Loops"": 3, ""Disabled"": false, ""Filter"": ""((order_date >= '2024-01-01'::date) AND (status = 'pending'::text))"", ""Rows Removed by Filter"": 188886, ""Shared Hit Blocks"": 6647, ""Shared Read Blocks"": 0, ""Shared Dirtied Blocks"": 0, ""Shared Written Blocks"": 0, ""Local Hit Blocks"": 0, ""Local Read Blocks"": 0, ""Local Dirtied Blocks"": 0, ""Local Written Blocks"": 0, ""Temp Read Blocks"": 0, ""Temp Written Blocks"": 0, ""Workers"": []}]}, ""Planning"": {""Shared Hit Blocks"": 0, ""Shared Read Blocks"": 0, ""Shared Dirtied Blocks"": 0, ""Shared Written Blocks"": 0, ""Local Hit Blocks"": 0, ""Local Read Blocks"": 0, ""Local Dirtied Blocks"": 0, ""Local Written Blocks"": 0, ""Temp Read Blocks"": 0, ""Temp Written Blocks"": 0}, ""Planning Time"": 0.069, ""Triggers"": [], ""Execution Time"": 100.136}"
covering,q5_aggregation_covering_candidate,9.272,Aggregate,"{""Plan"": {""Node Type"": ""Aggregate"", ""Strategy"": ""Sorted"", ""Partial Mode"": ""Simple"", ""Parallel Aware"": false, ""Async Capable"": false, ""Startup Cost"": 0.42, ""Total Cost"": 1434.91, ""Plan Rows"": 21851, ""Plan Width"": 40, ""Actual Startup Time"": 0.095, ""Actual Total Time"": 9.117, ""Actual Rows"": 3992.0, ""Actual Loops"": 1, ""Disabled"": false, ""Group Key"": [""customer_id""], ""Shared Hit Blocks"": 3, ""Shared Read Blocks"": 133, ""Shared Dirtied Blocks"": 0, ""Shared Written Blocks"": 0, ""Local Hit Blocks"": 0, ""Local Read Blocks"": 0, ""Local Dirtied Blocks"": 0, ""Local Written Blocks"": 0, ""Temp Read Blocks"": 0, ""Temp Written Blocks"": 0, ""Plans"": [{""Node Type"": ""Index Only Scan"", ""Parent Relationship"": ""Outer"", ""Parallel Aware"": false, ""Async Capable"": false, ""Scan Direction"": ""Forward"", ""Index Name"": ""idx_orders_customer_covering"", ""Relation Name"": ""orders"", ""Alias"": ""orders"", ""Startup Cost"": 0.42, ""Total Cost"": 1038.31, ""Plan Rows"": 24694, ""Plan Width"": 14, ""Actual Startup Time"": 0.056, ""Actual Total Time"": 4.199, ""Actual Rows"": 24071.0, ""Actual Loops"": 1, ""Disabled"": false, ""Index Cond"": ""((customer_id >= 1000) AND (customer_id <= 5000))"", ""Rows Removed by Index Recheck"": 0, ""Heap Fetches"": 0, ""Index Searches"": 1, ""Shared Hit Blocks"": 3, ""Shared Read Blocks"": 133, ""Shared Dirtied Blocks"": 0, ""Shared Written Blocks"": 0, ""Local Hit Blocks"": 0, ""Local Read Blocks"": 0, ""Local Dirtied Blocks"": 0, ""Local Written Blocks"": 0, ""Temp Read Blocks"": 0, ""Temp Written Blocks"": 0}]}, ""Planning"": {""Shared Hit Blocks"": 3, ""Shared Read Blocks"": 0, ""Shared Dirtied Blocks"": 0, ""Shared Written Blocks"": 0, ""Local Hit Blocks"": 0, ""Local Read Blocks"": 0, ""Local Dirtied Blocks"": 0, ""Local Written Blocks"": 0, ""Temp Read Blocks"": 0, ""Temp Written Blocks"": 0}, ""Planning Time"": 0.164, ""Triggers"": [], ""Execution Time"": 9.272}"
covering,q6_group_by_status,172.795,Aggregate,"{""Plan"": {""Node Type"": ""Aggregate"", ""Strategy"": ""Sorted"", ""Partial Mode"": ""Finalize"", ""Parallel Aware"": false, ""Async Capable"": false, ""Startup Cost"": 11397.1, ""Total Cost"": 11398.36, ""Plan Rows"": 4, ""Plan Width"": 17, ""Actual Startup Time"": 144.33, ""Actual Total Time"": 172.751, ""Actual Rows"": 4.0, ""Actual Loops"": 1, ""Disabled"": false, ""Group Key"": [""status""], ""Shared Hit Blocks"": 6663, ""Shared Read Blocks"": 0, ""Shared Dirtied Blocks"": 0, ""Shared Written Blocks"": 0, ""Local Hit Blocks"": 0, ""Local Read Blocks"": 0, ""Local Dirtied Blocks"": 0, ""Local Written Blocks"": 0, ""Temp Read Blocks"": 0, ""Temp Written Blocks"": 0, ""Plans"": [{""Node Type"": ""Gather Merge"", ""Parent Relationship"": ""Outer"", ""Parallel Aware"": false, ""Async Capable"": false, ""Startup Cost"": 11397.1, ""Total Cost"": 11398.27, ""Plan Rows"": 10, ""Plan Width"": 17, ""Actual Startup Time"": 144.32, ""Actual Total Time"": 172.741, ""Actual Rows"": 12.0, ""Actual Loops"": 1, ""Disabled"": false, ""Workers Planned"": 2, ""Workers Launched"": 2, ""Shared Hit Blocks"": 6663, ""Shared Read Blocks"": 0, ""Shared Dirtied Blocks"": 0, ""Shared Written Blocks"": 0, ""Local Hit Blocks"": 0, ""Local Read Blocks"": 0, ""Local Dirtied Blocks"": 0, ""Local Written Blocks"": 0, ""Temp Read Blocks"": 0, ""Temp Written Blocks"": 0, ""Plans"": [{""Node Type"": ""Sort"", ""Parent Relationship"": ""Outer"", ""Parallel Aware"": false, ""Async Capable"": false, ""Startup Cost"": 10397.08, ""Total Cost"": 10397.09, ""Plan Rows"": 4, ""Plan Width"": 17, ""Actual Startup Time"": 105.967, ""Actual Total Time"": 105.967, ""Actual Rows"": 4.0, ""Actual Loops"": 3, ""Disabled"": false, ""Sort Key"": [""status""], ""Sort Method"": ""quicksort"", ""Sort Space Used"": 25, ""Sort Space Type"": ""Memory"", ""Shared Hit Blocks"": 6663, ""Shared Read Blocks"": 0, ""Shared Dirtied Blocks"": 0, ""Shared Written Blocks"": 0, ""Local Hit Blocks"": 0, ""Local Read Blocks"": 0, ""Local Dirtied Blocks"": 0, ""Local Written Blocks"": 0, ""Temp Read Blocks"": 0, ""Temp Written Blocks"": 0, ""Workers"": [{""Worker Number"": 0, ""Sort Method"": ""quicksort"", ""Sort Space Used"": 25, ""Sort Space Type"": ""Memory""}, {""Worker Number"": 1, ""Sort Method"": ""quicksort"", ""Sort Space Used"": 25, ""Sort Space Type"": ""Memory""}], ""Plans"": [{""Node Type"": ""Aggregate"", ""Strategy"": ""Hashed"", ""Partial Mode"": ""Partial"", ""Parent Relationship"": ""Outer"", ""Parallel Aware"": false, ""Async Capable"": false, ""Startup Cost"": 10397.0, ""Total Cost"": 10397.04, ""Plan Rows"": 4, ""Plan Width"": 17, ""Actual Startup Time"": 105.921, ""Actual Total Time"": 105.922, ""Actual Rows"": 4.0, ""Actual Loops"": 3, ""Disabled"": false, ""Group Key"": [""status""], ""Planned Partitions"": 0, ""HashAgg Batches"": 1, ""Peak Memory Usage"": 32, ""Disk Usage"": 0, ""Shared Hit Blocks"": 6647, ""Shared Read Blocks"": 0, ""Shared Dirtied Blocks"": 0, ""Shared Written Blocks"": 0, ""Local Hit Blocks"": 0, ""Local Read Blocks"": 0, ""Local Dirtied Blocks"": 0, ""Local Written Blocks"": 0, ""Temp Read Blocks"": 0, ""Temp Written Blocks"": 0, ""Workers"": [{""Worker Number"": 0, ""HashAgg Batches"": 1, ""Peak Memory Usage"": 32, ""Disk Usage"": 0}, {""Worker Number"": 1, ""HashAgg Batches"": 1, ""Peak Memory Usage"": 32, ""Disk Usage"": 0}], ""Plans"": [{""Node Type"": ""Seq Scan"", ""Parent Relationship"": ""Outer"", ""Parallel Aware"": true, ""Async Capable"": false, ""Relation Name"": ""orders"", ""Alias"": ""orders"", ""Startup Cost"": 0.0, ""Total Cost"": 9147.0, ""Plan Rows"": 250000, ""Plan Width"": 9, ""Actual Startup Time"": 0.018, ""Actual Total Time"": 20.491, ""Actual Rows"": 200000.0, ""Actual Loops"": 3, ""Disabled"": false, ""Shared Hit Blocks"": 6647, ""Shared Read Blocks"": 0, ""Shared Dirtied Blocks"": 0, ""Shared Written Blocks"": 0, ""Local Hit Blocks"": 0, ""Local Read Blocks"": 0, ""Local Dirtied Blocks"": 0, ""Local Written Blocks"": 0, ""Temp Read Blocks"": 0, ""Temp Written Blocks"": 0, ""Workers"": []}]}]}]}]}, ""Planning"": {""Shared Hit Blocks"": 0, ""Shared Read Blocks"": 0, ""Shared Dirtied Blocks"": 0, ""Shared Written Blocks"": 0, ""Local Hit Blocks"": 0, ""Local Read Blocks"": 0, ""Local Dirtied Blocks"": 0, ""Local Written Blocks"": 0, ""Temp Read Blocks"": 0, ""Temp Written Blocks"": 0}, ""Planning Time"": 0.09, ""Triggers"": [], ""Execution Time"": 172.795}"
